sale_date;salesman_id;item_id;quantity;final_price
01.11.2018;1049;t13;1;895200
01.11.2018;1017;u5;1;43050
01.11.2018;1033;t18;2;1245140
01.11.2018;1037;t9;1;606632
02.11.2018;1018;t24;1;593892
02.11.2018;1046;t5;1;644736
02.11.2018;1001;t9;1;618298
02.11.2018;1037;t20;1;711756
02.11.2018;1045;t16;1;608894
02.11.2018;1002;t11;1;910650
02.11.2018;1090;t16;1;608894
02.11.2018;1034;t23;1;542682
02.11.2018;1055;t12;1;618834
03.11.2018;1092;t13;1;722128
03.11.2018;1043;t1;1;420138
03.11.2018;1010;u2;1;38771
03.11.2018;1036;u5;1;57542
03.11.2018;1052;t11;1;704236
04.11.2018;1043;t20;2;2051532
04.11.2018;1046;t12;1;843313
04.11.2018;1011;t23;1;453474
04.11.2018;1039;t19;1;561916
04.11.2018;1050;t3;1;592836
04.11.2018;1034;t8;1;742854
04.11.2018;1090;t25;1;655920
04.11.2018;1023;t2;1;591948
04.11.2018;1037;t9;2;1178266
05.11.2018;1090;t11;1;862082
05.11.2018;1039;t8;1;608279
05.11.2018;1092;t16;2;996372
05.11.2018;1004;u3;1;45308
05.11.2018;1096;t12;1;776576
06.11.2018;1033;u2;1;53401
06.11.2018;1029;t16;1;468380
07.11.2018;1019;t15;1;753420
07.11.2018;1033;u2;1;40234
07.11.2018;1033;t15;1;694965
07.11.2018;1028;t19;1;509534
07.11.2018;1042;t4;1;542700
07.11.2018;1038;u1;1;49801
07.11.2018;1043;t25;1;651365
08.11.2018;1040;t23;1;412587
08.11.2018;1057;t4;1;653250
08.11.2018;1033;t15;2;1792620
08.11.2018;1034;t23;2;825174
08.11.2018;1039;t6;1;550200
09.11.2018;1026;t2;1;638928
09.11.2018;1015;t21;1;466752
09.11.2018;1094;t4;1;683400
09.11.2018;1060;t19;1;695252
09.11.2018;1002;t21;1;619344
09.11.2018;1001;u1;1;42198
09.11.2018;1095;t9;1;775789
09.11.2018;1018;t23;1;483210
10.11.2018;1011;t9;1;711626
10.11.2018;1068;t13;1;769872
10.11.2018;1067;t22;1;491568
10.11.2018;1090;t2;1;638928
10.11.2018;1064;t1;1;597255
11.11.2018;1050;t1;1;518994
11.11.2018;1098;t9;1;746624
11.11.2018;1067;t11;1;764946
11.11.2018;1066;t22;1;504504
11.11.2018;1057;t15;1;818370
11.11.2018;1045;u1;1;40677
11.11.2018;1095;u5;1;43050
12.11.2018;1076;t2;1;587250
12.11.2018;1094;u5;1;52854
12.11.2018;1097;t6;1;534480
12.11.2018;1054;t25;1;601260
13.11.2018;1031;u3;1;59219
13.11.2018;1067;t4;1;522600
13.11.2018;1047;t7;1;704250
14.11.2018;1091;t21;2;1148928
14.11.2018;1055;t19;1;614298
15.11.2018;1027;t11;1;667810
15.11.2018;1023;t15;2;1766640
15.11.2018;1038;t1;1;502518
15.11.2018;1001;t24;1;619164
15.11.2018;1059;t19;1;538106
15.11.2018;1099;t2;1;695304
15.11.2018;1069;t7;1;822564
15.11.2018;1079;u3;2;116848
16.11.2018;1095;u1;1;39917
16.11.2018;1007;t19;1;704776
16.11.2018;1047;t10;1;568762
16.11.2018;1036;t2;1;638928
17.11.2018;1074;u3;1;57231
17.11.2018;1096;t22;1;500192
17.11.2018;1065;t17;1;444157
17.11.2018;1068;t1;1;465447
18.11.2018;1027;t4;1;532650
18.11.2018;1075;t19;2;1295264
18.11.2018;1082;t18;1;541157
18.11.2018;1081;t7;1;839466
18.11.2018;1061;t21;2;1220736
18.11.2018;1065;t20;1;983898
18.11.2018;1086;t12;1;879715
18.11.2018;1048;t22;1;448448
18.11.2018;1078;t6;1;565920
19.11.2018;1074;t13;1;877296
19.11.2018;1063;t8;2;1119664
19.11.2018;1048;t2;1;695304
19.11.2018;1058;t12;1;746241
19.11.2018;1054;t24;1;526500
19.11.2018;1023;t19;1;671442
19.11.2018;1038;t12;1;752308
19.11.2018;1011;t4;1;592950
19.11.2018;1050;t2;1;690606
20.11.2018;1063;t25;2;1156970
20.11.2018;1005;t1;1;477804
20.11.2018;1058;u2;1;39136
20.11.2018;1079;u3;1;54052
21.11.2018;1059;t22;2;1138368
21.11.2018;1027;t13;1;662448
21.11.2018;1020;t9;1;699960
21.11.2018;1031;t25;1;555710
21.11.2018;1074;u2;1;47915
21.11.2018;1047;t8;1;785918
21.11.2018;1028;u5;1;43476
22.11.2018;1091;t8;1;683641
22.11.2018;1089;t10;1;688776
22.11.2018;1046;u2;1;38405
23.11.2018;1012;t20;1;837360
23.11.2018;1094;t1;1;481923
23.11.2018;1059;t17;1;572838
23.11.2018;1092;t12;1;764442
23.11.2018;1021;t23;2;1033326
23.11.2018;1068;u2;1;38405
23.11.2018;1076;t25;1;583040
24.11.2018;1050;t25;1;633145
24.11.2018;1017;t2;1;648324
24.11.2018;1096;t5;1;594366
24.11.2018;1094;t6;1;560680
24.11.2018;1090;t6;1;691680
24.11.2018;1086;t17;1;444157
24.11.2018;1071;t9;1;664962
25.11.2018;1011;t15;1;681975
25.11.2018;1081;t3;1;672192
25.11.2018;1019;u4;1;53122
25.11.2018;1051;t21;1;664224
25.11.2018;1041;u5;1;60526
25.11.2018;1024;t16;1;468380
26.11.2018;1007;t19;1;676204
26.11.2018;1001;t19;1;509534
26.11.2018;1092;u5;1;47739
26.11.2018;1025;u5;1;54559
26.11.2018;1059;t8;1;667492
26.11.2018;1042;t25;1;560265
27.11.2018;1062;t20;1;900162
27.11.2018;1059;u2;2;95830
27.11.2018;1053;u2;1;47183
27.11.2018;1023;t3;2;1082976
28.11.2018;1059;t6;1;702160
28.11.2018;1032;t17;2;996240
28.11.2018;1079;t5;1;715254
28.11.2018;1089;t3;1;639516
28.11.2018;1063;u5;1;46460
28.11.2018;1013;t14;1;910767
28.11.2018;1014;t13;1;787776
29.11.2018;1019;u3;1;59219
29.11.2018;1056;t2;1;573156
29.11.2018;1040;t10;1;772264
29.11.2018;1068;u3;1;42526
30.11.2018;1053;t25;1;542045
30.11.2018;1074;t5;1;685032
30.11.2018;1097;u1;1;39917
30.11.2018;1058;u3;1;47295
30.11.2018;1088;t15;1;824865
30.11.2018;1052;t15;2;1467870
30.11.2018;1050;u2;1;38039
30.11.2018;1064;t12;1;788710
01.12.2018;1033;t23;1;475776
01.12.2018;1005;t1;1;564303
01.12.2018;1091;u3;1;58424
01.12.2018;1003;t13;1;650512
01.12.2018;1089;t3;1;513480
01.12.2018;1092;t24;1;518076
01.12.2018;1042;t13;1;871328
02.12.2018;1016;t12;1;849380
02.12.2018;1008;t10;1;735738
02.12.2018;1087;t7;2;1228212
02.12.2018;1038;u1;2;94280
03.12.2018;1001;t13;1;674384
03.12.2018;1093;t4;1;608025
03.12.2018;1004;u2;1;47915
03.12.2018;1031;t4;1;623100
03.12.2018;1045;t3;1;690864
03.12.2018;1009;t14;1;936243
03.12.2018;1017;t6;1;786000
04.12.2018;1009;u5;1;44755
04.12.2018;1075;t11;1;740662
05.12.2018;1074;t1;1;453090
05.12.2018;1098;t15;1;922290
05.12.2018;1092;t17;1;502271
05.12.2018;1081;t23;1;490644
05.12.2018;1009;t8;1;662109
05.12.2018;1054;u2;1;40599
06.12.2018;1045;t21;1;637296
06.12.2018;1058;t1;1;523113
06.12.2018;1048;t25;2;938330
06.12.2018;1022;t3;1;644184
06.12.2018;1020;t23;1;550116
06.12.2018;1074;u3;1;54847
06.12.2018;1010;u5;1;47313
06.12.2018;1089;t19;1;666680
06.12.2018;1094;t5;1;624588
06.12.2018;1027;t16;1;430058
06.12.2018;1073;u5;1;53706
06.12.2018;1087;t7;1;709884
06.12.2018;1004;t1;1;564303
06.12.2018;1084;t12;1;867581
07.12.2018;1025;t8;1;554449
07.12.2018;1005;t22;1;495880
07.12.2018;1084;t20;1;969942
07.12.2018;1009;u5;2;110822
08.12.2018;1049;t1;2;1169796
08.12.2018;1004;t3;1;499476
08.12.2018;1069;t24;1;488592
08.12.2018;1078;t21;2;1157904
08.12.2018;1066;t25;1;496495
08.12.2018;1041;t14;1;745173
08.12.2018;1076;t3;1;536820
08.12.2018;1089;u1;1;53603
09.12.2018;1011;t24;1;623376
09.12.2018;1047;t25;1;478275
09.12.2018;1026;t22;1;448448
09.12.2018;1099;t21;1;475728
10.12.2018;1074;t2;1;493290
10.12.2018;1017;t22;2;983136
10.12.2018;1021;t6;1;660240
10.12.2018;1040;t14;1;706959
10.12.2018;1081;t23;2;1011024
11.12.2018;1056;t14;1;694221
11.12.2018;1060;u2;2;95830
11.12.2018;1012;u3;1;48488
11.12.2018;1066;t4;1;663300
11.12.2018;1065;t7;1;664812
11.12.2018;1027;t10;1;600070
11.12.2018;1025;t24;1;568620
11.12.2018;1042;t5;2;1400286
12.12.2018;1077;t2;1;624834
12.12.2018;1043;t1;1;543708
12.12.2018;1052;t7;1;692982
12.12.2018;1064;t19;1;485724
12.12.2018;1089;t3;1;700200
12.12.2018;1035;t19;1;595250
13.12.2018;1053;t8;1;807450
13.12.2018;1070;t25;1;519270
13.12.2018;1087;t13;1;614704
13.12.2018;1084;t13;1;763904
14.12.2018;1070;t8;2;1442644
14.12.2018;1049;u4;1;46091
14.12.2018;1049;t1;2;955608
14.12.2018;1014;t13;1;734064
15.12.2018;1032;t8;1;694407
15.12.2018;1012;t21;1;493680
15.12.2018;1031;t7;1;794394
15.12.2018;1014;t3;1;490140
15.12.2018;1074;u2;2;91440
15.12.2018;1096;t4;2;1226100
16.12.2018;1035;u1;1;47900
16.12.2018;1098;t9;1;594966
16.12.2018;1043;t1;1;436614
16.12.2018;1054;u4;1;46872
16.12.2018;1030;t7;1;811296
17.12.2018;1016;u3;1;58424
17.12.2018;1024;t12;1;649169
17.12.2018;1054;t3;1;672192
17.12.2018;1053;t17;1;489818
17.12.2018;1009;t1;1;617850
17.12.2018;1046;u5;1;54132
17.12.2018;1049;t25;1;605815
18.12.2018;1037;t3;1;569496
18.12.2018;1006;t20;2;1758456
18.12.2018;1004;t9;1;711626
18.12.2018;1048;t20;1;907140
18.12.2018;1086;t7;1;800028
18.12.2018;1010;u4;1;39841
18.12.2018;1096;t19;1;652394
18.12.2018;1011;t14;1;821601
19.12.2018;1094;t11;1;704236
19.12.2018;1067;t6;2;1551040
19.12.2018;1014;t19;1;676204
19.12.2018;1049;t22;1;569184
19.12.2018;1073;t14;1;777018
19.12.2018;1006;t5;1;659847
19.12.2018;1019;t23;1;427455
19.12.2018;1023;t6;1;749320
19.12.2018;1090;t20;1;711756
20.12.2018;1074;t16;2;1251852
20.12.2018;1015;t12;1;861514
20.12.2018;1091;t11;1;868153
20.12.2018;1073;t9;1;804954
21.12.2018;1017;t18;2;1091892
21.12.2018;1079;t23;1;431172
21.12.2018;1026;t13;1;895200
22.12.2018;1017;t24;1;450684
22.12.2018;1062;t4;1;658275
22.12.2018;1022;t11;2;1250626
22.12.2018;1058;t10;1;579198
22.12.2018;1024;t7;2;1566252
22.12.2018;1051;t8;2;1593368
22.12.2018;1066;t16;1;562056
22.12.2018;1031;t12;1;655236
23.12.2018;1080;t9;2;1306592
23.12.2018;1020;t9;1;624131
24.12.2018;1032;t5;1;619551
24.12.2018;1002;t9;1;874950
24.12.2018;1004;u5;1;57969
24.12.2018;1008;t21;2;1328448
24.12.2018;1017;t9;1;688294
24.12.2018;1003;t23;1;546399
24.12.2018;1066;t3;1;634848
24.12.2018;1049;t6;1;649760
24.12.2018;1024;t15;1;668985
24.12.2018;1080;t12;1;806911
24.12.2018;1021;t11;2;1748448
25.12.2018;1037;u1;1;52842
25.12.2018;1057;t6;1;660240
25.12.2018;1057;u2;1;51938
25.12.2018;1017;t5;1;644736
25.12.2018;1062;t1;1;617850
25.12.2018;1067;u2;1;48280
26.12.2018;1063;t11;1;783159
26.12.2018;1007;t7;1;845100
26.12.2018;1021;t2;1;535572
26.12.2018;1085;t1;1;416019
26.12.2018;1054;t13;1;692288
26.12.2018;1071;t12;1;885782
26.12.2018;1054;t25;1;473720
26.12.2018;1095;t3;1;583500
26.12.2018;1015;t16;2;919728
26.12.2018;1084;t1;1;572541
27.12.2018;1056;t10;1;782700
27.12.2018;1009;t17;1;514724
27.12.2018;1074;t25;1;655920
27.12.2018;1066;t11;1;874224
27.12.2018;1012;t13;1;763904
28.12.2018;1033;t20;1;753624
28.12.2018;1012;t17;1;502271
28.12.2018;1077;t10;1;647032
28.12.2018;1087;t20;2;1479336
29.12.2018;1097;t7;1;642276
29.12.2018;1090;t15;1;954765
29.12.2018;1083;u2;2;83394
29.12.2018;1097;u2;1;48280
29.12.2018;1068;t11;1;904579
29.12.2018;1033;t8;1;613662
29.12.2018;1058;t10;1;751392
29.12.2018;1058;t5;1;745476
29.12.2018;1083;u2;1;42062
29.12.2018;1001;t11;1;625313
30.12.2018;1012;t4;1;608025
30.12.2018;1026;t4;1;542700
30.12.2018;1086;t7;1;580302
30.12.2018;1048;t23;1;405153
30.12.2018;1003;t25;1;510160
30.12.2018;1087;u5;1;60526
30.12.2018;1001;t19;1;566678
30.12.2018;1063;t19;1;666680
31.12.2018;1004;t12;1;679504
31.12.2018;1051;t9;1;857451
31.12.2018;1100;t10;1;740956
01.01.2019;1009;t14;2;1503084
01.01.2019;1089;t7;1;760590
01.01.2019;1022;t6;1;539720
01.01.2019;1098;t2;1;704700
02.01.2019;1068;t25;1;514715
02.01.2019;1012;t5;1;659847
02.01.2019;1081;t11;2;1481324
02.01.2019;1026;t10;1;678340
02.01.2019;1071;t3;2;1335048
02.01.2019;1099;t25;1;542045
02.01.2019;1030;u2;1;54864
02.01.2019;1035;t16;1;596120
02.01.2019;1024;u5;1;63936
02.01.2019;1036;u1;1;50941
03.01.2019;1041;t7;1;597204
03.01.2019;1001;t14;1;643269
03.01.2019;1091;t22;1;590744
03.01.2019;1039;u2;2;81930
03.01.2019;1028;t7;1;591570
04.01.2019;1098;t11;1;801372
04.01.2019;1077;t11;1;783159
04.01.2019;1035;t24;1;614952
04.01.2019;1094;t6;1;786000
04.01.2019;1054;t25;1;601260
04.01.2019;1047;t12;1;770509
04.01.2019;1043;t14;1;783387
04.01.2019;1028;t16;1;625926
05.01.2019;1065;t24;1;454896
05.01.2019;1037;t13;1;716160
05.01.2019;1036;u3;1;40539
05.01.2019;1055;t3;1;662856
05.01.2019;1089;t14;2;1796058
05.01.2019;1064;t19;1;480962
05.01.2019;1050;t6;1;644520
05.01.2019;1049;t25;1;482830
05.01.2019;1082;t22;1;616616
06.01.2019;1073;t5;2;1279398
06.01.2019;1050;u4;1;48044
06.01.2019;1012;t22;1;607992
06.01.2019;1025;t13;1;662448
06.01.2019;1093;t18;1;699194
06.01.2019;1100;t2;1;662418
06.01.2019;1047;t10;1;631378
06.01.2019;1082;u1;2;87436
07.01.2019;1044;u5;1;50723
07.01.2019;1084;t22;1;435512
07.01.2019;1005;t23;1;401436
07.01.2019;1024;u4;1;40622
07.01.2019;1067;t9;1;839952
08.01.2019;1005;t10;1;662686
08.01.2019;1045;t10;1;600070
08.01.2019;1068;t3;1;700200
08.01.2019;1081;u2;1;48280
08.01.2019;1088;t11;2;1432756
08.01.2019;1034;t1;1;469566
08.01.2019;1079;u2;1;47183
08.01.2019;1063;t1;1;428376
08.01.2019;1009;u3;1;50475
08.01.2019;1024;t2;1;512082
09.01.2019;1005;t20;2;1870104
09.01.2019;1023;u2;1;42428
09.01.2019;1071;t5;1;599403
09.01.2019;1050;u1;2;93520
09.01.2019;1019;t13;1;793744
09.01.2019;1044;u2;1;46452
09.01.2019;1084;t11;1;813514
09.01.2019;1010;t10;1;756610
10.01.2019;1077;t1;1;510756
10.01.2019;1027;t15;1;785895
10.01.2019;1099;t20;1;893184
10.01.2019;1073;t6;1;749320
10.01.2019;1025;u1;1;47140
10.01.2019;1016;t18;2;1398388
10.01.2019;1073;t7;1;805662
10.01.2019;1008;t14;1;777018
10.01.2019;1090;t22;1;478632
10.01.2019;1100;t11;1;813514
10.01.2019;1040;t25;1;637700
11.01.2019;1055;t8;1;694407
11.01.2019;1001;t11;1;849940
11.01.2019;1078;u5;1;58821
11.01.2019;1001;t16;1;617410
11.01.2019;1073;u2;1;51206
11.01.2019;1001;t8;1;678258
12.01.2019;1021;t11;1;904579
12.01.2019;1072;t13;1;775840
12.01.2019;1025;t24;1;513864
12.01.2019;1039;t14;1;923505
12.01.2019;1064;u5;1;47313
13.01.2019;1049;t9;2;1411586
13.01.2019;1063;t13;1;620672
13.01.2019;1030;t4;1;678375
13.01.2019;1001;u1;1;42578
13.01.2019;1074;t19;2;1114308
13.01.2019;1060;t16;1;570572
14.01.2019;1084;t13;1;853424
14.01.2019;1031;t14;1;936243
14.01.2019;1089;t12;1;691638
14.01.2019;1085;t16;1;613152
14.01.2019;1041;t22;1;564872
14.01.2019;1028;u4;1;40622
14.01.2019;1044;t7;1;625374
14.01.2019;1099;t3;1;672192
14.01.2019;1039;t8;2;1421112
15.01.2019;1067;t10;2;1241884
15.01.2019;1098;u2;1;46452
15.01.2019;1098;t16;1;638700
15.01.2019;1021;t5;1;725328
15.01.2019;1027;t17;1;556234
15.01.2019;1029;t12;1;849380
15.01.2019;1026;t14;1;656007
15.01.2019;1040;t14;1;847077
15.01.2019;1066;t10;1;647032
16.01.2019;1082;t11;2;1760590
16.01.2019;1095;t14;1;668745
16.01.2019;1087;t19;1;652394
16.01.2019;1048;t4;1;542700
16.01.2019;1021;t7;1;738054
17.01.2019;1041;t3;1;700200
17.01.2019;1097;t4;1;648225
17.01.2019;1054;t16;1;468380
17.01.2019;1098;t10;1;751392
17.01.2019;1064;u3;1;58821
17.01.2019;1091;u4;2;109368
17.01.2019;1078;t21;2;960432
18.01.2019;1026;t17;1;452459
18.01.2019;1006;t19;1;604774
18.01.2019;1094;u3;1;46103
18.01.2019;1069;t13;1;811648
18.01.2019;1036;t6;1;723120
19.01.2019;1086;t14;1;955350
19.01.2019;1067;t20;2;1521204
19.01.2019;1064;t13;1;829552
19.01.2019;1042;t7;1;625374
19.01.2019;1045;t19;1;685728
19.01.2019;1098;t16;1;579088
19.01.2019;1073;t9;1;688294
19.01.2019;1081;t11;2;1687738
19.01.2019;1053;t7;1;754956
20.01.2019;1036;t9;1;647463
20.01.2019;1080;t16;1;617410
21.01.2019;1053;t11;1;734591
21.01.2019;1100;t3;1;630180
21.01.2019;1002;u2;1;49012
21.01.2019;1007;t8;1;645960
21.01.2019;1087;t6;1;576400
22.01.2019;1002;t3;1;564828
22.01.2019;1011;t7;1;771858
22.01.2019;1006;u5;1;57116
22.01.2019;1098;t20;1;907140
22.01.2019;1029;t14;1;777018
22.01.2019;1002;t6;1;602600
23.01.2019;1095;u2;1;50475
23.01.2019;1021;t3;1;560160
23.01.2019;1029;t16;1;468380
23.01.2019;1082;u3;1;41334
23.01.2019;1050;t6;1;560680
24.01.2019;1053;t10;2;1064472
24.01.2019;1018;t4;1;628125
24.01.2019;1026;u4;1;55856
24.01.2019;1045;t20;1;907140
24.01.2019;1095;t9;1;694127
24.01.2019;1009;t9;1;758290
24.01.2019;1099;t2;1;559062
25.01.2019;1057;t6;1;613080
25.01.2019;1086;t16;1;604636
25.01.2019;1062;t18;1;699194
25.01.2019;1021;t19;1;690490
25.01.2019;1024;t23;1;375417
25.01.2019;1076;t12;1;624901
26.01.2019;1032;t4;1;512550
26.01.2019;1055;t24;1;619164
26.01.2019;1067;t10;1;605288
26.01.2019;1051;t21;1;601392
26.01.2019;1027;u5;1;62231
26.01.2019;1030;t25;1;674140
26.01.2019;1038;t8;1;629811
27.01.2019;1074;t25;1;614925
27.01.2019;1010;t18;1;593836
27.01.2019;1030;t11;1;886366
27.01.2019;1075;t15;1;948270
27.01.2019;1011;t6;1;665480
27.01.2019;1013;t23;1;468342
28.01.2019;1029;t18;1;512423
28.01.2019;1077;u5;2;110822
28.01.2019;1100;t21;1;502656
28.01.2019;1049;t4;1;668325
28.01.2019;1071;t7;1;692982
28.01.2019;1006;t4;2;1216050
28.01.2019;1014;u2;1;47549
28.01.2019;1090;u2;1;51206
28.01.2019;1048;t20;1;1039722
29.01.2019;1069;u4;1;39451
29.01.2019;1004;t21;1;507144
30.01.2019;1032;t24;1;425412
30.01.2019;1080;t4;2;1467300
30.01.2019;1031;t12;1;715906
30.01.2019;1016;t17;1;527177
31.01.2019;1085;u3;1;55244
31.01.2019;1023;t9;1;874950
31.01.2019;1081;u3;2;89822
31.01.2019;1062;t17;1;527177
01.02.2019;1045;t24;1;614952
01.02.2019;1027;t8;1;624428
01.02.2019;1100;u4;1;41794
01.02.2019;1006;t21;2;996336
01.02.2019;1073;t15;1;727440
01.02.2019;1059;t25;1;633145
01.02.2019;1032;t1;1;514875
01.02.2019;1099;t4;1;653250
02.02.2019;1005;t7;1;698616
02.02.2019;1069;t11;1;783159
02.02.2019;1087;t7;1;833832
02.02.2019;1066;t15;1;785895
02.02.2019;1053;t9;1;641630
02.02.2019;1056;t8;1;559832
02.02.2019;1078;t13;1;728096
03.02.2019;1020;t1;1;593136
03.02.2019;1028;t22;1;474320
03.02.2019;1045;u4;1;45310
03.02.2019;1016;t10;1;542672
03.02.2019;1054;u4;1;52731
03.02.2019;1092;t18;1;651304
03.02.2019;1075;t23;1;386568
04.02.2019;1088;t13;1;859392
04.02.2019;1046;t2;1;657720
04.02.2019;1099;t21;1;561000
04.02.2019;1075;t25;1;614925
05.02.2019;1029;u1;1;42578
05.02.2019;1090;t14;1;948981
05.02.2019;1043;t21;1;552024
05.02.2019;1075;t4;1;738675
05.02.2019;1082;t19;1;695252
05.02.2019;1046;t21;1;489192
05.02.2019;1059;t22;1;646800
05.02.2019;1006;t19;2;1133356
05.02.2019;1035;t3;1;672192
06.02.2019;1026;u3;1;59616
06.02.2019;1064;t11;1;837798
06.02.2019;1086;t15;1;766410
06.02.2019;1048;t22;1;603680
06.02.2019;1012;t16;1;608894
06.02.2019;1030;t6;1;644520
07.02.2019;1098;t13;1;847456
07.02.2019;1041;t21;1;466752
07.02.2019;1049;t15;1;688470
07.02.2019;1009;t16;1;587604
08.02.2019;1057;t23;1;475776
08.02.2019;1041;u2;1;40965
08.02.2019;1043;t8;1;543683
08.02.2019;1024;t10;1;777482
08.02.2019;1061;u2;1;50475
08.02.2019;1074;t2;1;573156
08.02.2019;1033;t9;1;717459
08.02.2019;1074;t19;1;561916
09.02.2019;1022;t15;1;974250
09.02.2019;1076;t14;1;751542
09.02.2019;1019;t21;1;484704
09.02.2019;1005;u2;1;43160
09.02.2019;1016;u2;1;47915
10.02.2019;1004;t22;1;586432
10.02.2019;1068;t1;1;539589
10.02.2019;1019;t17;1;456610
10.02.2019;1041;t7;1;591570
10.02.2019;1040;t14;1;885291
11.02.2019;1012;t9;2;1364922
11.02.2019;1031;u3;1;40539
11.02.2019;1019;t17;1;469063
11.02.2019;1061;t11;1;752804
11.02.2019;1013;u3;1;56039
11.02.2019;1033;t9;1;781622
11.02.2019;1085;t19;1;604774
12.02.2019;1047;t12;1;764442
12.02.2019;1064;t3;1;564828
12.02.2019;1095;t25;1;678695
12.02.2019;1025;t23;1;483210
12.02.2019;1015;u5;1;63510
12.02.2019;1071;t3;1;583500
13.02.2019;1086;t7;1;738054
13.02.2019;1089;t25;1;610370
13.02.2019;1018;t14;1;751542
14.02.2019;1007;t7;1;580302
14.02.2019;1092;t19;2;1304788
14.02.2019;1086;t14;1;777018
14.02.2019;1036;t22;1;603680
14.02.2019;1058;t4;1;713550
14.02.2019;1019;t5;1;569181
14.02.2019;1065;t19;1;680966
14.02.2019;1087;t16;1;438574
14.02.2019;1030;t9;1;705793
14.02.2019;1066;t23;1;438606
14.02.2019;1011;u4;1;46872
15.02.2019;1071;t16;1;510960
15.02.2019;1082;t17;1;539630
15.02.2019;1022;t6;1;681200
15.02.2019;1057;t13;2;1587488
15.02.2019;1080;t8;1;624428
15.02.2019;1043;t12;1;655236
16.02.2019;1029;t18;1;694405
16.02.2019;1020;u3;1;55642
16.02.2019;1052;t14;1;726066
16.02.2019;1031;t17;1;539630
16.02.2019;1091;u1;2;104924
16.02.2019;1029;t12;1;697705
16.02.2019;1028;t23;1;550116
16.02.2019;1046;u4;1;48434
16.02.2019;1035;t17;1;452459
17.02.2019;1034;u4;1;49216
17.02.2019;1037;t25;1;555710
17.02.2019;1062;t8;2;1507240
18.02.2019;1047;t14;1;687852
18.02.2019;1010;t15;1;863835
18.02.2019;1082;t20;1;788514
18.02.2019;1017;t7;1;721152
18.02.2019;1045;u3;1;43321
18.02.2019;1037;u4;1;48825
19.02.2019;1040;u3;1;48885
19.02.2019;1027;t21;1;637296
19.02.2019;1090;t16;1;523734
19.02.2019;1064;t15;1;798885
19.02.2019;1034;t18;1;641726
19.02.2019;1027;u5;1;62657
20.02.2019;1043;u3;1;56436
20.02.2019;1018;t9;1;746624
20.02.2019;1011;u3;1;44116
20.02.2019;1048;t4;1;728625
20.02.2019;1031;t3;1;658188
20.02.2019;1041;t24;1;564408
20.02.2019;1051;u1;1;41818
20.02.2019;1100;t15;1;727440
21.02.2019;1084;t18;1;507634
21.02.2019;1078;t13;1;781808
21.02.2019;1091;t11;1;661739
21.02.2019;1060;t12;1;837246
21.02.2019;1065;t17;1;464912
21.02.2019;1051;u5;1;46886
22.02.2019;1083;t25;1;523825
22.02.2019;1047;t4;1;693450
22.02.2019;1009;t21;2;1247664
22.02.2019;1022;t20;1;760602
22.02.2019;1048;t10;1;746174
22.02.2019;1005;t9;1;787455
22.02.2019;1027;t25;1;542045
22.02.2019;1051;u3;1;45706
22.02.2019;1045;u5;1;50723
23.02.2019;1009;t7;1;777492
23.02.2019;1076;t15;1;818370
23.02.2019;1093;t5;1;584292
23.02.2019;1003;t8;1;565215
23.02.2019;1001;t22;1;444136
23.02.2019;1065;u3;1;56039
23.02.2019;1085;t3;1;569496
24.02.2019;1033;u1;2;98842
24.02.2019;1024;t7;1;783126
24.02.2019;1031;t2;1;657720
24.02.2019;1097;t3;1;644184
24.02.2019;1048;t11;1;649597
24.02.2019;1080;t12;1;758375
24.02.2019;1042;u3;2;95386
24.02.2019;1006;t25;1;646810
25.02.2019;1040;t15;1;844350
25.02.2019;1058;t10;1;678340
25.02.2019;1022;t10;1;527018
25.02.2019;1063;t2;1;554364
25.02.2019;1050;t4;1;663300
26.02.2019;1023;t5;1;559107
26.02.2019;1018;u2;1;43891
26.02.2019;1014;t10;1;740956
26.02.2019;1046;u2;1;49012
26.02.2019;1024;t22;1;508816
26.02.2019;1024;t6;1;707400
27.02.2019;1010;t7;1;721152
27.02.2019;1099;t9;1;857451
27.02.2019;1051;t25;2;1047650
27.02.2019;1091;t11;1;716378
27.02.2019;1014;t23;1;472059
27.02.2019;1018;t4;1;582900
27.02.2019;1075;t24;1;446472
27.02.2019;1011;t4;1;658275
27.02.2019;1083;t22;1;629552
27.02.2019;1048;t25;1;665030
28.02.2019;1068;t4;1;713550
28.02.2019;1014;u1;1;57024
28.02.2019;1058;t14;1;808863
28.02.2019;1052;t21;1;561000
28.02.2019;1089;u4;1;41404
28.02.2019;1060;t5;1;538959
01.03.2019;1019;t25;1;496495
01.03.2019;1078;t1;1;469566
01.03.2019;1050;t13;1;638576
01.03.2019;1042;t15;1;811875
01.03.2019;1063;t14;2;1617726
01.03.2019;1029;t5;1;543996
01.03.2019;1086;t3;1;527484
01.03.2019;1051;t9;1;676628
01.03.2019;1063;t15;1;714450
02.03.2019;1062;t14;1;687852
02.03.2019;1051;t4;1;597975
02.03.2019;1072;t13;1;602768
03.03.2019;1010;t11;1;692094
03.03.2019;1063;t9;1;764123
03.03.2019;1054;t18;1;565102
04.03.2019;1044;t20;1;760602
04.03.2019;1013;t7;1;653544
04.03.2019;1030;t13;1;674384
04.03.2019;1095;u1;1;40677
04.03.2019;1047;t6;1;550200
04.03.2019;1086;t6;1;707400
04.03.2019;1011;u4;1;51169
04.03.2019;1064;t7;1;591570
04.03.2019;1052;u2;1;53401
05.03.2019;1002;t11;1;728520
05.03.2019;1026;u3;1;58026
05.03.2019;1081;t23;1;431172
05.03.2019;1059;t6;2;1540560
05.03.2019;1091;u1;1;46380
05.03.2019;1025;t7;1;597204
05.03.2019;1098;t25;1;460055
06.03.2019;1082;t25;1;482830
06.03.2019;1002;t21;1;453288
06.03.2019;1029;t5;1;584292
06.03.2019;1091;t14;2;1337490
06.03.2019;1100;t7;1;732420
06.03.2019;1095;u2;1;49012
06.03.2019;1026;t17;1;585291
06.03.2019;1037;u4;1;42575
07.03.2019;1065;t7;1;828198
07.03.2019;1014;t17;1;552083
07.03.2019;1040;t9;1;729125
07.03.2019;1072;t24;1;518076
07.03.2019;1005;t9;1;635797
08.03.2019;1095;t11;1;783159
08.03.2019;1002;t15;2;1493850
08.03.2019;1031;t13;1;895200
08.03.2019;1083;t18;1;608203
08.03.2019;1081;t16;1;510960
08.03.2019;1072;t21;1;498168
09.03.2019;1082;t6;1;550200
09.03.2019;1061;t4;2;1025100
09.03.2019;1086;t19;1;571440
09.03.2019;1089;t1;1;539589
09.03.2019;1066;t18;1;660882
09.03.2019;1049;t24;1;623376
09.03.2019;1072;t22;1;577808
09.03.2019;1003;t22;2;1181488
09.03.2019;1040;t21;1;480216
09.03.2019;1049;t25;1;469165
10.03.2019;1074;u3;1;54052
10.03.2019;1069;u4;1;42185
10.03.2019;1049;t17;1;510573
10.03.2019;1018;t21;1;646272
10.03.2019;1080;t17;1;581140
10.03.2019;1079;t19;1;623822
11.03.2019;1058;t13;1;602768
11.03.2019;1065;t1;1;506637
11.03.2019;1026;u1;1;39917
11.03.2019;1032;t6;1;723120
11.03.2019;1059;t22;1;560560
11.03.2019;1021;t9;1;618298
12.03.2019;1052;t25;1;592150
12.03.2019;1041;t18;1;550735
12.03.2019;1003;u4;1;49997
12.03.2019;1077;t12;1;643102
13.03.2019;1091;t23;1;550116
13.03.2019;1098;u4;1;55465
13.03.2019;1069;t19;1;480962
13.03.2019;1064;t24;1;623376
13.03.2019;1005;u2;1;51206
14.03.2019;1023;t2;1;634230
14.03.2019;1030;u2;1;53401
14.03.2019;1019;t12;2;1371142
14.03.2019;1001;t15;1;889815
14.03.2019;1076;t17;1;560385
14.03.2019;1071;t18;2;1379232
14.03.2019;1029;t21;1;632808
14.03.2019;1002;u5;1;51149
15.03.2019;1013;t2;1;516780
15.03.2019;1074;u1;1;45239
15.03.2019;1091;t2;1;662418
15.03.2019;1094;t17;1;585291
15.03.2019;1002;t7;1;653544
16.03.2019;1083;t3;1;490140
16.03.2019;1006;t1;1;473685
16.03.2019;1020;u2;1;39136
17.03.2019;1056;t10;2;1367116
17.03.2019;1082;u3;1;42526
17.03.2019;1096;t2;1;643626
17.03.2019;1059;t21;1;565488
17.03.2019;1083;t3;1;555492
17.03.2019;1011;t12;1;867581
17.03.2019;1094;t6;1;723120
18.03.2019;1064;t22;2;896896
18.03.2019;1020;t20;1;788514
18.03.2019;1094;t3;1;606840
18.03.2019;1083;u1;1;47520
18.03.2019;1060;t2;1;544968
18.03.2019;1079;t7;1;591570
18.03.2019;1093;t6;1;765040
18.03.2019;1088;t25;1;592150
18.03.2019;1063;t1;1;593136
18.03.2019;1094;t20;1;760602
19.03.2019;1006;t9;1;839952
19.03.2019;1088;t7;1;664812
19.03.2019;1096;t13;1;811648
19.03.2019;1032;t13;2;1742656
19.03.2019;1093;t24;1;539136
19.03.2019;1055;t2;2;1071144
19.03.2019;1066;t21;1;502656
19.03.2019;1059;t2;1;657720
20.03.2019;1097;t9;1;787455
20.03.2019;1002;t1;1;494280
20.03.2019;1048;t10;1;761828
20.03.2019;1063;t6;1;644520
20.03.2019;1003;t19;1;666680
20.03.2019;1080;t25;1;601260
20.03.2019;1042;t25;1;646810
21.03.2019;1063;t15;1;779400
21.03.2019;1053;t25;1;564820
21.03.2019;1020;t21;2;1202784
21.03.2019;1026;t18;1;670460
21.03.2019;1002;t5;1;669921
21.03.2019;1072;t14;1;936243
21.03.2019;1084;t8;1;759003
21.03.2019;1004;t12;1;831179
21.03.2019;1054;t15;1;792390
22.03.2019;1027;t8;1;791301
22.03.2019;1079;t9;1;816620
22.03.2019;1076;t6;1;712640
22.03.2019;1097;t16;1;600378
22.03.2019;1036;u5;1;54559
23.03.2019;1067;t19;2;1238120
23.03.2019;1009;u1;1;45999
23.03.2019;1022;t2;1;530874
23.03.2019;1047;t20;1;886206
23.03.2019;1001;t15;1;889815
23.03.2019;1036;t15;1;837855
24.03.2019;1019;u4;1;49216
24.03.2019;1033;t8;1;802067
24.03.2019;1049;t21;1;480216
24.03.2019;1080;t18;1;498056
24.03.2019;1064;t23;1;394002
24.03.2019;1051;t24;1;480168
24.03.2019;1006;u3;2;119232
24.03.2019;1043;t8;1;791301
24.03.2019;1015;u5;1;57969
25.03.2019;1100;u4;1;46872
26.03.2019;1056;u1;1;41057
26.03.2019;1054;t2;1;549666
26.03.2019;1024;u1;1;53983
26.03.2019;1096;t18;1;617781
26.03.2019;1024;t24;1;467532
26.03.2019;1055;t1;1;424257
27.03.2019;1036;t6;1;754560
28.03.2019;1070;t17;1;618499
28.03.2019;1074;t16;1;604636
28.03.2019;1075;u1;1;43338
28.03.2019;1016;t15;1;792390
28.03.2019;1014;t24;1;446472
28.03.2019;1018;u2;1;44988
28.03.2019;1062;t6;1;639280
28.03.2019;1033;t1;1;601374
29.03.2019;1073;t3;1;616176
29.03.2019;1014;u4;1;52340
29.03.2019;1002;t23;2;944118
29.03.2019;1026;t11;1;764946
29.03.2019;1084;t11;2;1238484
29.03.2019;1093;t6;1;660240
30.03.2019;1047;t5;1;750513
30.03.2019;1035;u3;1;46500
30.03.2019;1092;u3;2;90616
30.03.2019;1054;t23;1;524097
30.03.2019;1100;t6;1;571160
30.03.2019;1043;t4;1;663300
30.03.2019;1028;t4;2;1236150
30.03.2019;1025;u1;1;48660
31.03.2019;1059;t5;1;518811
31.03.2019;1069;u5;1;50723
31.03.2019;1014;t19;1;480962
31.03.2019;1073;t6;1;544960
31.03.2019;1071;t23;1;416304
01.04.2019;1032;t15;2;1714680
01.04.2019;1060;t12;2;1747296
01.04.2019;1076;t23;1;420021
01.04.2019;1037;t8;1;645960
01.04.2019;1075;t10;1;725302
01.04.2019;1080;t20;1;767580
02.04.2019;1010;u2;1;39136
02.04.2019;1051;t11;1;862082
02.04.2019;1041;u4;2;116398
02.04.2019;1070;t24;1;577044
02.04.2019;1011;u1;1;49421
02.04.2019;1093;t24;1;581256
03.04.2019;1025;t5;1;740439
03.04.2019;1050;t25;1;583040
03.04.2019;1092;u3;1;59616
03.04.2019;1015;t10;1;532236
03.04.2019;1039;u1;1;40677
03.04.2019;1014;t8;1;554449
03.04.2019;1063;u4;1;40622
03.04.2019;1074;t23;1;449757
04.04.2019;1005;t16;1;519476
04.04.2019;1094;t15;1;798885
04.04.2019;1084;t8;2;1238090
04.04.2019;1039;t10;1;673122
04.04.2019;1077;t1;1;490161
04.04.2019;1085;u5;1;46886
04.04.2019;1055;t11;1;880295
05.04.2019;1037;t24;1;442260
05.04.2019;1090;t4;1;532650
05.04.2019;1034;t4;1;582900
05.04.2019;1025;t18;1;502845
05.04.2019;1076;t15;1;831360
05.04.2019;1031;t8;2;1571836
05.04.2019;1038;u4;1;48825
06.04.2019;1067;t14;1;904398
06.04.2019;1017;t17;1;572838
06.04.2019;1071;t5;2;1208880
06.04.2019;1073;t2;1;667116
06.04.2019;1059;t9;1;740791
06.04.2019;1094;t5;1;700143
06.04.2019;1053;t21;1;610368
06.04.2019;1037;t18;1;608203
07.04.2019;1004;t24;1;631800
07.04.2019;1088;t16;1;587604
07.04.2019;1080;t11;2;1420614
07.04.2019;1087;u1;1;47900
07.04.2019;1097;u3;1;43718
07.04.2019;1071;t13;1;871328
07.04.2019;1001;t2;2;1136916
07.04.2019;1097;t10;1;777482
08.04.2019;1062;t19;1;638108
08.04.2019;1036;t14;1;668745
08.04.2019;1054;t23;1;412587
08.04.2019;1026;t21;1;637296
08.04.2019;1031;t1;1;436614
08.04.2019;1083;t6;1;550200
08.04.2019;1014;t12;1;770509
08.04.2019;1050;u1;1;45619
08.04.2019;1098;t11;1;637455
09.04.2019;1087;t16;1;485412
09.04.2019;1068;t7;1;569034
09.04.2019;1013;t5;1;554070
09.04.2019;1089;u3;1;50872
09.04.2019;1027;t13;1;877296
10.04.2019;1085;u2;1;46452
10.04.2019;1096;t14;2;1643202
10.04.2019;1059;t5;1;599403
10.04.2019;1040;t23;1;490644
10.04.2019;1007;t20;1;816426
10.04.2019;1027;t17;1;498120
10.04.2019;1064;t12;1;879715
10.04.2019;1008;t8;1;575981
11.04.2019;1016;t15;1;707955
11.04.2019;1051;t5;1;639699
11.04.2019;1052;t14;1;802494
11.04.2019;1088;t12;1;855447
11.04.2019;1010;t4;1;728625
11.04.2019;1097;t8;2;1474942
12.04.2019;1049;t14;1;681483
12.04.2019;1030;t24;2;935064
12.04.2019;1021;t21;1;453288
12.04.2019;1032;t17;1;618499
12.04.2019;1096;t1;1;432495
12.04.2019;1028;u1;1;49801
12.04.2019;1020;t13;1;751968
12.04.2019;1032;t4;1;532650
12.04.2019;1098;t13;2;1468128
13.04.2019;1087;t5;1;700143
13.04.2019;1073;t25;2;938330
13.04.2019;1078;u2;1;46817
13.04.2019;1068;t11;1;649597
13.04.2019;1024;t8;1;549066
14.04.2019;1091;t23;1;394002
14.04.2019;1037;t20;1;872250
14.04.2019;1034;t4;1;532650
14.04.2019;1048;t19;2;1333360
14.04.2019;1046;t25;1;596705
14.04.2019;1030;t15;1;733935
14.04.2019;1024;t1;1;498399
14.04.2019;1013;t8;1;791301
14.04.2019;1059;t9;1;816620
14.04.2019;1020;u5;1;53280
15.04.2019;1065;t9;2;1574910
15.04.2019;1029;t21;1;552024
16.04.2019;1095;t14;2;1401180
16.04.2019;1025;t17;1;431704
16.04.2019;1001;t21;1;632808
16.04.2019;1003;t10;1;662686
16.04.2019;1065;t1;2;1112130
17.04.2019;1091;t5;1;543996
17.04.2019;1002;t23;1;531531
17.04.2019;1036;t23;1;501795
17.04.2019;1084;t17;1;606046
17.04.2019;1028;t21;1;565488
17.04.2019;1072;t11;1;740662
17.04.2019;1059;t10;1;600070
17.04.2019;1002;t14;1;891660
18.04.2019;1036;t14;1;929874
18.04.2019;1050;t12;1;703772
18.04.2019;1038;t12;1;697705
18.04.2019;1092;t7;1;602838
18.04.2019;1013;t18;1;579469
19.04.2019;1002;t4;1;557775
19.04.2019;1036;u1;1;50941
19.04.2019;1058;t4;1;537675
19.04.2019;1080;t9;1;845785
19.04.2019;1030;t24;1;619164
19.04.2019;1081;t24;1;429624
19.04.2019;1086;t15;1;688470
20.04.2019;1078;t9;1;705793
20.04.2019;1038;t18;1;522001
20.04.2019;1054;t1;2;1145082
21.04.2019;1072;t21;1;547536
21.04.2019;1072;t25;2;1038540
21.04.2019;1080;t8;1;543683
21.04.2019;1076;t14;2;1859748
21.04.2019;1062;t22;1;612304
22.04.2019;1041;t16;1;540766
22.04.2019;1036;u3;1;43718
22.04.2019;1073;u1;1;40677
22.04.2019;1006;u4;1;46091
22.04.2019;1062;t19;2;1114308
22.04.2019;1010;t6;1;655000
23.04.2019;1017;t10;1;579198
23.04.2019;1070;t8;2;1561070
24.04.2019;1008;t6;1;738840
24.04.2019;1091;t19;1;661918
24.04.2019;1033;t2;1;535572
24.04.2019;1021;t20;1;949008
24.04.2019;1020;t11;1;752804
24.04.2019;1038;t23;1;379134
25.04.2019;1071;u3;1;50077
25.04.2019;1053;t14;1;815232
25.04.2019;1079;t23;1;527814
25.04.2019;1078;t14;1;732435
25.04.2019;1038;u4;1;46872
25.04.2019;1082;t11;1;795301
25.04.2019;1043;t17;1;431704
25.04.2019;1068;t13;1;865360
25.04.2019;1090;t7;1;805662
25.04.2019;1071;t19;1;628584
25.04.2019;1010;u2;1;42794
26.04.2019;1044;t11;1;740662
26.04.2019;1050;t19;1;623822
26.04.2019;1086;t25;1;628590
26.04.2019;1035;t8;1;710556
26.04.2019;1069;t20;1;711756
26.04.2019;1100;t3;1;620844
26.04.2019;1080;t7;1;822564
26.04.2019;1056;t17;1;469063
26.04.2019;1024;t6;1;581640
26.04.2019;1081;t5;1;538959
27.04.2019;1094;t15;1;805380
27.04.2019;1005;t10;1;537454
27.04.2019;1088;t23;1;446040
27.04.2019;1017;t25;1;542045
28.04.2019;1069;t8;1;667492
28.04.2019;1090;t4;1;663300
28.04.2019;1082;t10;2;1544528
28.04.2019;1079;t13;1;668416
28.04.2019;1022;t21;1;498168
28.04.2019;1013;u4;1;57418
28.04.2019;1010;t1;1;560184
28.04.2019;1051;t25;1;469165
28.04.2019;1084;u3;1;58424
28.04.2019;1065;t10;1;568762
29.04.2019;1003;t7;1;676080
29.04.2019;1021;t23;1;412587
29.04.2019;1070;t3;1;588168
29.04.2019;1006;u1;1;38776
29.04.2019;1068;t15;1;876825
29.04.2019;1051;t4;1;673350
30.04.2019;1016;t23;2;802872
30.04.2019;1038;t23;1;550116
30.04.2019;1007;t10;1;772264
30.04.2019;1008;t18;1;684827
30.04.2019;1099;t24;1;459108
01.05.2019;1034;t1;1;597255
01.05.2019;1099;t8;1;802067
01.05.2019;1002;t8;1;753620
01.05.2019;1030;t15;1;818370
01.05.2019;1038;t2;1;521478
01.05.2019;1057;u5;2;98888
01.05.2019;1034;t12;1;764442
01.05.2019;1048;t8;1;775152
01.05.2019;1029;u2;1;52304
01.05.2019;1001;t11;2;1323478
01.05.2019;1008;t10;1;688776
01.05.2019;1015;t8;1;565215
01.05.2019;1084;t22;1;547624
01.05.2019;1009;t18;2;1340920
02.05.2019;1079;t12;2;1601688
02.05.2019;1058;t8;1;543683
02.05.2019;1035;t9;1;664962
02.05.2019;1064;t8;1;543683
02.05.2019;1069;t20;1;921096
02.05.2019;1002;t6;2;1173760
03.05.2019;1061;t20;1;1011810
03.05.2019;1020;t13;1;728096
03.05.2019;1001;t24;2;1019304
03.05.2019;1060;t12;1;758375
04.05.2019;1077;t23;1;531531
04.05.2019;1030;u5;1;45181
04.05.2019;1085;t21;1;502656
04.05.2019;1094;t25;1;669585
04.05.2019;1087;t9;1;845785
04.05.2019;1036;t4;1;567825
04.05.2019;1009;t3;1;536820
04.05.2019;1012;u5;1;50296
04.05.2019;1065;t2;1;624834
04.05.2019;1067;t15;1;714450
04.05.2019;1004;t16;1;545024
05.05.2019;1021;t11;1;716378
06.05.2019;1048;t10;1;720084
06.05.2019;1015;t24;1;475956
06.05.2019;1028;t14;1;643269
06.05.2019;1034;t25;1;605815
06.05.2019;1087;t23;1;516663
06.05.2019;1040;t9;1;618298
07.05.2019;1021;t4;1;693450
07.05.2019;1025;t19;1;642870
07.05.2019;1034;t11;1;679952
07.05.2019;1061;t21;1;466752
07.05.2019;1078;t16;1;557798
07.05.2019;1051;t18;2;1360076
07.05.2019;1060;t6;1;707400
07.05.2019;1037;t8;1;672875
07.05.2019;1077;t22;1;543312
07.05.2019;1003;t6;1;618320
07.05.2019;1029;t17;1;523026
07.05.2019;1085;u3;1;56039
07.05.2019;1083;t18;1;680038
08.05.2019;1074;t9;1;787455
08.05.2019;1062;u4;1;44528
08.05.2019;1023;t3;1;616176
08.05.2019;1026;t1;1;531351
08.05.2019;1063;t12;1;910050
08.05.2019;1002;t10;1;573980
09.05.2019;1088;t17;1;523026
09.05.2019;1049;t12;1;873648
09.05.2019;1071;t2;1;507384
09.05.2019;1089;u3;1;42526
09.05.2019;1094;t18;1;598625
09.05.2019;1098;t22;1;513128
10.05.2019;1010;u5;1;49870
10.05.2019;1069;t13;2;1336832
10.05.2019;1094;t21;1;619344
10.05.2019;1093;t23;1;446040
10.05.2019;1059;t22;1;547624
10.05.2019;1006;u2;1;42062
10.05.2019;1079;t13;2;1253280
10.05.2019;1081;t24;1;555984
10.05.2019;1046;t25;1;683250
10.05.2019;1032;t11;1;716378
11.05.2019;1037;t18;1;680038
11.05.2019;1002;u1;1;42198
11.05.2019;1051;t10;1;761828
11.05.2019;1004;t8;1;613662
11.05.2019;1041;t21;1;673200
12.05.2019;1077;t8;1;635194
12.05.2019;1029;t6;1;602600
12.05.2019;1053;t18;1;627359
12.05.2019;1069;u3;2;99360
12.05.2019;1034;u1;1;52462
12.05.2019;1089;t5;1;705180
12.05.2019;1087;t1;1;589017
12.05.2019;1074;t16;1;608894
13.05.2019;1041;t23;1;468342
13.05.2019;1056;t23;1;501795
13.05.2019;1043;u4;1;50387
13.05.2019;1061;u2;1;52304
13.05.2019;1075;t18;1;512423
13.05.2019;1065;t6;1;770280
13.05.2019;1041;t3;1;602172
14.05.2019;1094;t13;1;602768
14.05.2019;1094;t4;1;507525
14.05.2019;1004;t7;2;1690200
14.05.2019;1065;t6;2;1110880
14.05.2019;1073;u4;2;89056
14.05.2019;1065;t16;1;562056
14.05.2019;1062;u2;1;51572
14.05.2019;1077;t21;1;610368
15.05.2019;1042;t21;1;574464
15.05.2019;1027;t13;1;668416
15.05.2019;1001;t25;1;665030
15.05.2019;1026;t17;1;589442
15.05.2019;1049;t24;1;513864
15.05.2019;1085;t8;1;608279
15.05.2019;1095;u2;1;38771
15.05.2019;1075;t10;1;610506
16.05.2019;1082;t5;1;695106
16.05.2019;1051;t7;2;1554984
16.05.2019;1093;t21;2;1292544
16.05.2019;1041;t12;1;709839
17.05.2019;1091;t19;1;628584
17.05.2019;1019;t1;1;523113
17.05.2019;1020;t12;1;788710
17.05.2019;1002;u5;2;126168
17.05.2019;1045;t13;1;692288
17.05.2019;1097;t24;1;513864
17.05.2019;1025;t10;1;782700
17.05.2019;1025;t17;1;560385
18.05.2019;1031;u4;1;51559
18.05.2019;1043;t11;1;789230
18.05.2019;1093;t21;1;659736
18.05.2019;1045;t11;1;698165
19.05.2019;1087;t3;1;574164
19.05.2019;1029;t16;1;527992
19.05.2019;1020;t7;1;754956
19.05.2019;1064;t25;1;551155
20.05.2019;1098;u1;1;39156
20.05.2019;1072;u2;1;48280
20.05.2019;1008;t19;1;533344
20.05.2019;1079;t2;1;540270
20.05.2019;1034;t19;1;676204
20.05.2019;1055;t18;1;598625
20.05.2019;1100;t22;1;569184
21.05.2019;1097;t6;1;565920
21.05.2019;1032;t16;1;532250
21.05.2019;1005;t24;1;438048
21.05.2019;1044;t13;1;787776
21.05.2019;1012;t24;1;459108
22.05.2019;1075;t21;1;462264
22.05.2019;1030;t14;1;764280
22.05.2019;1033;t20;1;711756
22.05.2019;1069;t2;1;700002
22.05.2019;1035;u1;1;52842
22.05.2019;1093;t11;1;704236
22.05.2019;1007;t22;1;638176
22.05.2019;1094;t18;2;986534
22.05.2019;1060;t10;1;610506
23.05.2019;1063;u1;1;55503
23.05.2019;1063;t17;1;585291
23.05.2019;1058;t17;1;585291
23.05.2019;1074;t16;1;455606
24.05.2019;1088;t21;1;547536
24.05.2019;1026;t13;1;787776
24.05.2019;1016;t3;1;620844
24.05.2019;1015;t1;1;564303
24.05.2019;1055;t6;2;1551040
24.05.2019;1080;t9;1;734958
24.05.2019;1092;u4;1;45700
24.05.2019;1058;t16;1;468380
24.05.2019;1069;t22;1;620928
24.05.2019;1029;u5;1;63936
24.05.2019;1100;t6;1;775520
24.05.2019;1001;t9;1;787455
24.05.2019;1073;t14;1;783387
25.05.2019;1096;u1;1;47140
25.05.2019;1004;t17;1;452459
25.05.2019;1060;u5;1;44329
25.05.2019;1021;t18;1;522001
25.05.2019;1064;u3;1;58424
25.05.2019;1037;t12;1;618834
25.05.2019;1079;t23;1;509229
26.05.2019;1032;t4;1;542700
26.05.2019;1036;t18;1;512423
26.05.2019;1070;t13;1;877296
26.05.2019;1078;t8;1;597513
26.05.2019;1016;t23;1;464625
26.05.2019;1088;t22;1;517440
26.05.2019;1066;t11;1;874224
26.05.2019;1069;t15;1;922290
26.05.2019;1066;t5;1;604440
26.05.2019;1002;t18;1;617781
26.05.2019;1054;t21;1;561000
27.05.2019;1042;t18;1;617781
27.05.2019;1051;t21;2;1166880
27.05.2019;1034;t5;1;700143
27.05.2019;1008;t18;2;1168516
27.05.2019;1092;t13;1;877296
27.05.2019;1054;t13;1;799712
27.05.2019;1086;t23;1;434889
28.05.2019;1076;t7;1;788760
28.05.2019;1034;t22;1;551936
29.05.2019;1064;t6;1;618320
29.05.2019;1039;t2;1;530874
30.05.2019;1040;t13;1;853424
30.05.2019;1079;u4;1;49216
30.05.2019;1087;t10;1;563544
30.05.2019;1060;t12;1;885782
30.05.2019;1021;t4;1;592950
30.05.2019;1083;t23;1;501795
30.05.2019;1029;t7;1;631008
30.05.2019;1050;t24;1;480168
30.05.2019;1027;t22;1;530376
30.05.2019;1054;t24;1;442260
30.05.2019;1084;u4;1;51950
30.05.2019;1094;t11;1;777088
30.05.2019;1058;t9;1;816620
31.05.2019;1046;u5;1;54132
31.05.2019;1058;t9;1;857451
31.05.2019;1015;t11;1;831727
31.05.2019;1048;t2;1;493290
01.06.2019;1048;t15;1;818370
01.06.2019;1052;t20;1;788514
01.06.2019;1088;u4;1;46481
02.06.2019;1047;u3;1;48885
02.06.2019;1097;t5;1;554070
02.06.2019;1063;t1;1;584898
02.06.2019;1075;t17;1;473214
02.06.2019;1062;u4;1;56246
02.06.2019;1076;t11;1;686023
02.06.2019;1003;t3;1;639516
02.06.2019;1028;t7;1;749322
03.06.2019;1082;t9;1;600799
03.06.2019;1082;t23;1;416304
03.06.2019;1090;t23;1;535248
03.06.2019;1016;t4;1;527625
03.06.2019;1087;t19;1;519058
03.06.2019;1072;t21;1;583440
03.06.2019;1097;t6;1;529240
03.06.2019;1098;t22;1;452760
03.06.2019;1069;t20;1;788514
04.06.2019;1012;t21;1;507144
04.06.2019;1049;t21;2;942480
04.06.2019;1082;t9;1;594966
05.06.2019;1031;t19;1;485724
05.06.2019;1061;t18;1;498056
06.06.2019;1089;t18;1;627359
06.06.2019;1009;t24;1;442260
06.06.2019;1081;t8;1;565215
06.06.2019;1060;u1;1;50561
06.06.2019;1071;t20;2;2093400
06.06.2019;1090;t12;1;703772
06.06.2019;1043;t24;1;433836
06.06.2019;1067;t4;1;733650
06.06.2019;1073;t24;1;513864
07.06.2019;1079;t6;1;581640
07.06.2019;1094;t12;1;910050
07.06.2019;1074;t7;1;749322
07.06.2019;1088;t19;1;566678
07.06.2019;1059;t1;1;477804
08.06.2019;1017;t3;1;564828
08.06.2019;1072;u2;2;73884
09.06.2019;1060;u1;1;42198
09.06.2019;1062;t5;1;584292
09.06.2019;1018;u1;1;44859
09.06.2019;1084;t3;1;578832
10.06.2019;1068;t23;1;446040
10.06.2019;1062;t23;1;416304
10.06.2019;1005;t12;1;612767
10.06.2019;1082;t6;1;634040
10.06.2019;1059;t6;1;696920
11.06.2019;1060;t3;1;485472
11.06.2019;1069;t7;1;591570
11.06.2019;1097;t9;1;729125
11.06.2019;1072;t12;1;752308
11.06.2019;1079;t7;1;833832
11.06.2019;1075;u2;1;53767
11.06.2019;1034;t18;1;699194
11.06.2019;1075;t21;1;511632
12.06.2019;1045;t2;1;620136
12.06.2019;1028;t17;1;444157
12.06.2019;1059;t19;1;709538
12.06.2019;1092;t14;1;764280
12.06.2019;1002;t8;1;753620
13.06.2019;1099;t14;1;929874
13.06.2019;1066;t21;1;614856
13.06.2019;1015;u3;1;58026
13.06.2019;1024;t20;1;1004832
13.06.2019;1041;u2;1;54498
13.06.2019;1017;t1;1;424257
13.06.2019;1086;t10;1;610506
13.06.2019;1084;t23;1;538965
13.06.2019;1054;t2;1;643626
14.06.2019;1051;u4;1;54293
14.06.2019;1027;t1;1;531351
14.06.2019;1087;t16;1;634442
14.06.2019;1014;u5;1;47739
14.06.2019;1044;t13;1;865360
14.06.2019;1066;t1;1;601374
14.06.2019;1090;t23;2;877212
15.06.2019;1046;t21;1;673200
15.06.2019;1060;u2;2;79736
15.06.2019;1082;t12;2;1468214
15.06.2019;1073;u4;1;44919
15.06.2019;1043;t23;1;520380
16.06.2019;1025;t15;1;896310
16.06.2019;1008;u3;1;47295
16.06.2019;1046;t10;1;720084
16.06.2019;1059;t19;1;623822
16.06.2019;1074;t2;1;610740
16.06.2019;1032;t25;1;560265
16.06.2019;1066;t22;1;530376
16.06.2019;1012;t16;1;519476
16.06.2019;1020;t19;1;566678
16.06.2019;1013;u1;1;41437
17.06.2019;1090;t9;1;863284
17.06.2019;1057;t23;1;446040
17.06.2019;1018;t10;1;615724
17.06.2019;1006;t9;1;781622
17.06.2019;1023;t11;1;843869
17.06.2019;1032;t6;1;681200
17.06.2019;1030;t12;1;788710
17.06.2019;1006;t7;1;676080
17.06.2019;1097;t12;1;764442
17.06.2019;1015;u3;1;42129
17.06.2019;1042;t15;1;714450
17.06.2019;1009;t8;1;732088
18.06.2019;1014;u4;1;48825
18.06.2019;1014;t12;1;831179
18.06.2019;1097;t18;1;689616
18.06.2019;1040;t10;2;1106216
18.06.2019;1041;t19;1;695252
18.06.2019;1030;t4;1;557775
18.06.2019;1080;u1;1;50941
19.06.2019;1013;t15;1;863835
19.06.2019;1078;t12;1;679504
19.06.2019;1047;t13;1;608736
19.06.2019;1033;t22;1;577808
19.06.2019;1038;t4;1;623100
19.06.2019;1087;t5;1;710217
20.06.2019;1092;t20;1;830382
20.06.2019;1018;u4;1;45310
20.06.2019;1017;t16;1;532250
20.06.2019;1074;t20;1;900162
21.06.2019;1045;t5;1;669921
21.06.2019;1059;t7;2;1622592
21.06.2019;1031;t14;1;866184
21.06.2019;1051;t21;1;466752
21.06.2019;1068;u4;1;52731
21.06.2019;1007;t8;1;710556
22.06.2019;1085;t9;1;740791
22.06.2019;1002;t3;1;620844
22.06.2019;1007;t7;1;664812
22.06.2019;1015;t4;1;608025
22.06.2019;1012;t3;2;1185672
22.06.2019;1036;t22;1;599368
22.06.2019;1083;t25;1;491940
22.06.2019;1046;t7;1;721152
22.06.2019;1031;t15;1;792390
22.06.2019;1028;t3;1;630180
22.06.2019;1085;t6;1;539720
23.06.2019;1090;t14;1;866184
23.06.2019;1017;t4;1;562800
23.06.2019;1070;t2;1;502686
23.06.2019;1100;u4;1;45310
23.06.2019;1063;t10;1;542672
23.06.2019;1096;t21;1;628320
23.06.2019;1021;u1;1;47140
24.06.2019;1020;t18;1;598625
24.06.2019;1092;t14;1;687852
24.06.2019;1062;t13;2;1790400
24.06.2019;1099;t15;1;655995
24.06.2019;1023;u2;1;46086
24.06.2019;1056;u1;1;45999
24.06.2019;1097;t11;1;777088
24.06.2019;1070;u4;1;42966
24.06.2019;1049;u2;1;45354
24.06.2019;1100;t10;1;532236
25.06.2019;1012;t17;1;606046
25.06.2019;1011;t16;1;574830
26.06.2019;1045;t6;1;602600
26.06.2019;1022;u4;1;54684
26.06.2019;1071;u2;1;54498
26.06.2019;1017;t2;1;676512
27.06.2019;1030;t13;1;841488
27.06.2019;1022;t15;1;701460
27.06.2019;1043;t14;1;738804
27.06.2019;1084;t21;1;484704
27.06.2019;1012;t10;1;568762
28.06.2019;1043;t10;1;751392
28.06.2019;1028;t21;1;569976
28.06.2019;1091;t4;1;753750
28.06.2019;1015;u5;1;58395
28.06.2019;1060;t19;1;633346
28.06.2019;1055;u2;1;50109
28.06.2019;1033;t2;1;488592
28.06.2019;1054;t11;1;752804
28.06.2019;1013;t12;1;879715
28.06.2019;1060;t16;1;506702
28.06.2019;1077;t25;1;528380
28.06.2019;1053;t9;1;629964
28.06.2019;1052;t5;1;735402
29.06.2019;1051;t15;1;824865
29.06.2019;1089;t19;1;714300
29.06.2019;1089;t16;1;583346
29.06.2019;1081;t25;1;560265
29.06.2019;1030;t21;1;489192
30.06.2019;1068;t3;1;485472
30.06.2019;1047;t22;1;534688
30.06.2019;1062;t20;1;921096
30.06.2019;1076;u1;1;42198
01.07.2019;1030;u2;1;43160
01.07.2019;1055;u5;1;54559
01.07.2019;1022;t20;1;949008
01.07.2019;1056;t6;1;618320
01.07.2019;1014;t17;1;448308
01.07.2019;1080;t1;1;498399
01.07.2019;1052;t5;1;690069
02.07.2019;1071;t18;2;1407966
03.07.2019;1064;t9;1;717459
03.07.2019;1092;t3;1;518148
03.07.2019;1014;t16;1;485412
03.07.2019;1003;t11;1;734591
03.07.2019;1068;u5;1;60100
03.07.2019;1032;t21;1;516120
04.07.2019;1037;u2;1;38405
04.07.2019;1071;t13;1;895200
04.07.2019;1069;t18;2;1101470
04.07.2019;1054;t13;1;602768
04.07.2019;1037;u3;1;40539
04.07.2019;1027;t4;1;522600
04.07.2019;1005;t7;1;794394
05.07.2019;1069;u4;2;90620
05.07.2019;1096;t22;2;922768
05.07.2019;1089;t20;1;844338
05.07.2019;1026;t2;1;540270
05.07.2019;1090;t10;1;767046
05.07.2019;1059;t22;1;500192
05.07.2019;1099;t21;1;583440
06.07.2019;1046;t18;1;584258
06.07.2019;1098;t25;1;651365
06.07.2019;1006;t9;1;828286
06.07.2019;1095;t16;1;630184
06.07.2019;1063;t3;1;662856
07.07.2019;1027;t12;1;831179
07.07.2019;1064;t15;1;837855
07.07.2019;1075;u3;1;56436
07.07.2019;1098;t10;1;699212
07.07.2019;1092;t10;2;1304500
07.07.2019;1100;t25;1;592150
07.07.2019;1040;t11;1;661739
07.07.2019;1005;t22;1;607992
08.07.2019;1045;t1;1;560184
08.07.2019;1097;t13;1;692288
08.07.2019;1071;t21;1;498168
08.07.2019;1020;u3;1;44513
08.07.2019;1069;t17;1;581140
08.07.2019;1083;t2;1;704700
08.07.2019;1032;t8;1;689024
08.07.2019;1052;u1;1;50941
09.07.2019;1002;u4;1;39841
09.07.2019;1068;t5;1;730365
09.07.2019;1032;t4;1;572850
09.07.2019;1012;t4;1;608025
10.07.2019;1067;t21;1;601392
10.07.2019;1029;t23;1;483210
10.07.2019;1090;t14;1;891660
10.07.2019;1031;t17;1;543781
10.07.2019;1029;t11;1;856011
11.07.2019;1026;t22;1;547624
11.07.2019;1086;u4;1;57028
11.07.2019;1020;t6;1;649760
11.07.2019;1076;t11;1;868153
12.07.2019;1073;t3;1;532152
12.07.2019;1064;t15;1;714450
12.07.2019;1002;t15;1;714450
13.07.2019;1041;t1;1;564303
13.07.2019;1002;t11;1;698165
13.07.2019;1045;t10;1;751392
13.07.2019;1062;t9;2;1644906
13.07.2019;1072;t22;1;582120
13.07.2019;1094;t20;2;1577028
13.07.2019;1098;t2;1;474498
13.07.2019;1071;t12;1;703772
13.07.2019;1018;u1;1;57024
14.07.2019;1093;t17;1;448308
14.07.2019;1037;t14;1;936243
14.07.2019;1070;t24;1;614952
14.07.2019;1056;u1;1;51702
14.07.2019;1086;t2;2;1212084
14.07.2019;1097;t21;2;1166880
14.07.2019;1084;t14;1;948981
14.07.2019;1019;t20;1;1025766
14.07.2019;1029;u2;1;49378
14.07.2019;1092;t23;1;475776
15.07.2019;1013;t18;1;694405
15.07.2019;1034;t7;1;664812
15.07.2019;1042;t11;2;1408472
15.07.2019;1042;t5;1;720291
15.07.2019;1086;t24;1;530712
15.07.2019;1049;t19;1;676204
15.07.2019;1064;t8;1;656726
15.07.2019;1056;t2;1;573156
16.07.2019;1089;t8;1;689024
16.07.2019;1008;t21;1;529584
16.07.2019;1065;t24;1;623376
16.07.2019;1094;t7;1;676080
16.07.2019;1021;t22;1;560560
16.07.2019;1097;t3;1;634848
17.07.2019;1050;t25;2;983880
17.07.2019;1011;u4;1;46481
17.07.2019;1013;t22;1;487256
17.07.2019;1091;u1;1;45619
17.07.2019;1002;u5;1;62657
17.07.2019;1024;t24;1;627588
17.07.2019;1026;u1;2;80594
17.07.2019;1047;t9;1;688294
17.07.2019;1040;u1;1;50561
18.07.2019;1021;t17;1;440006
18.07.2019;1081;t16;1;434316
18.07.2019;1085;t14;1;789756
18.07.2019;1012;u2;1;45720
18.07.2019;1066;t5;1;649773
18.07.2019;1067;u5;1;49018
19.07.2019;1029;t21;1;493680
19.07.2019;1014;t5;1;589329
19.07.2019;1053;t15;1;785895
19.07.2019;1013;t25;1;578485
19.07.2019;1006;t4;1;728625
19.07.2019;1015;t19;1;500010
19.07.2019;1012;t11;1;692094
19.07.2019;1067;u1;1;54743
20.07.2019;1008;t23;1;401436
20.07.2019;1012;t14;1;827970
20.07.2019;1052;t25;1;473720
20.07.2019;1061;t4;1;703500
20.07.2019;1070;t22;1;482944
20.07.2019;1036;t5;1;559107
20.07.2019;1003;t18;1;502845
20.07.2019;1053;t25;1;564820
20.07.2019;1090;t20;1;865272
21.07.2019;1071;t25;1;628590
21.07.2019;1006;t24;1;425412
21.07.2019;1035;t5;1;609477
21.07.2019;1008;t18;1;531579
21.07.2019;1001;t22;1;508816
21.07.2019;1018;u5;1;45608
22.07.2019;1084;t11;1;904579
22.07.2019;1083;u2;2;94366
22.07.2019;1081;t6;2;1561520
22.07.2019;1070;t18;1;531579
22.07.2019;1005;t17;1;514724
22.07.2019;1092;t6;1;634040
22.07.2019;1060;u4;1;51169
23.07.2019;1043;t23;1;516663
23.07.2019;1076;t12;1;843313
24.07.2019;1060;t25;1;605815
24.07.2019;1050;u5;1;53706
24.07.2019;1042;t16;2;1124112
24.07.2019;1085;t19;1;695252
25.07.2019;1078;t11;1;679952
25.07.2019;1017;t13;1;620672
25.07.2019;1013;t12;1;612767
25.07.2019;1077;t7;1;591570
25.07.2019;1010;t16;1;493928
25.07.2019;1086;t9;2;1341590
25.07.2019;1030;t4;1;507525
25.07.2019;1092;t25;1;674140
25.07.2019;1032;t22;2;905520
25.07.2019;1034;t3;1;578832
26.07.2019;1026;t9;1;845785
26.07.2019;1065;t18;1;675249
26.07.2019;1088;t5;1;609477
26.07.2019;1054;t5;1;735402
27.07.2019;1012;t20;1;893184
27.07.2019;1077;t6;1;639280
27.07.2019;1028;t21;2;1211760
27.07.2019;1048;u1;1;49801
27.07.2019;1012;t5;1;584292
27.07.2019;1094;t18;1;708772
27.07.2019;1065;u4;1;46091
27.07.2019;1055;t22;1;504504
28.07.2019;1078;t25;1;523825
28.07.2019;1024;t1;1;609612
28.07.2019;1044;t21;1;583440
28.07.2019;1050;t12;1;661303
29.07.2019;1041;t24;1;497016
29.07.2019;1007;t5;1;740439
29.07.2019;1042;t7;1;642276
29.07.2019;1072;t25;1;678695
29.07.2019;1021;t12;1;831179
29.07.2019;1090;t19;1;519058
29.07.2019;1082;u5;1;54559
29.07.2019;1067;t12;1;612767
29.07.2019;1100;t11;1;843869
30.07.2019;1076;t10;1;720084
30.07.2019;1056;t3;1;644184
30.07.2019;1019;t12;1;685571
30.07.2019;1088;t21;1;637296
30.07.2019;1096;t10;2;1241884
30.07.2019;1006;u5;1;48591
30.07.2019;1032;t8;1;570598
30.07.2019;1002;t6;1;602600
30.07.2019;1063;u5;1;53280
30.07.2019;1079;t14;1;917136
30.07.2019;1049;t19;1;619060
31.07.2019;1039;t18;1;598625
31.07.2019;1021;t24;1;475956
31.07.2019;1077;t14;1;726066
31.07.2019;1079;t9;1;647463
01.08.2019;1042;t19;1;619060
01.08.2019;1063;t12;1;703772
01.08.2019;1007;t6;2;1467200
01.08.2019;1097;t24;2;1053000
01.08.2019;1021;t6;1;571160
02.08.2019;1004;t17;2;1187186
02.08.2019;1013;t7;1;681714
02.08.2019;1019;t6;2;1456720
02.08.2019;1038;t5;1;584292
02.08.2019;1023;t12;1;661303
02.08.2019;1057;u1;1;39537
02.08.2019;1099;t13;1;877296
03.08.2019;1057;t24;1;539136
03.08.2019;1086;t4;1;597975
03.08.2019;1003;t25;1;628590
03.08.2019;1095;t6;1;759800
03.08.2019;1038;t6;1;544960
03.08.2019;1052;t20;1;900162
03.08.2019;1071;t6;1;581640
03.08.2019;1011;t17;1;606046
04.08.2019;1012;t15;1;915795
05.08.2019;1094;u3;1;55244
05.08.2019;1055;t11;1;837798
05.08.2019;1061;t25;1;601260
05.08.2019;1008;u3;1;41334
05.08.2019;1051;t8;1;581364
05.08.2019;1022;u5;1;44329
05.08.2019;1044;u5;1;47313
06.08.2019;1057;u3;1;49680
06.08.2019;1057;t20;1;788514
06.08.2019;1097;u3;1;42526
07.08.2019;1020;t20;1;844338
07.08.2019;1094;t10;2;1294064
07.08.2019;1043;t20;1;990876
07.08.2019;1077;t20;1;1004832
07.08.2019;1081;t23;1;427455
08.08.2019;1049;t13;2;1253280
08.08.2019;1074;t12;1;782643
08.08.2019;1035;t13;1;787776
08.08.2019;1049;t14;1;713328
08.08.2019;1061;t8;1;667492
08.08.2019;1044;t17;2;1236998
08.08.2019;1008;t22;1;534688
08.08.2019;1059;t4;1;613050
08.08.2019;1059;t17;1;618499
08.08.2019;1016;t16;1;625926
09.08.2019;1084;u3;1;47295
09.08.2019;1033;t1;1;461328
09.08.2019;1023;t22;1;448448
09.08.2019;1061;t12;1;691638
09.08.2019;1023;t17;1;576989
09.08.2019;1004;t16;1;519476
09.08.2019;1029;t18;1;651304
10.08.2019;1001;u3;1;42526
10.08.2019;1065;t6;1;586880
10.08.2019;1004;t4;1;592950
10.08.2019;1043;u3;1;57231
10.08.2019;1100;t19;1;638108
10.08.2019;1078;u1;1;52082
10.08.2019;1098;u2;1;53035
10.08.2019;1046;t20;1;969942
10.08.2019;1032;t21;1;619344
11.08.2019;1074;u2;1;49378
11.08.2019;1072;t2;1;512082
11.08.2019;1051;t25;1;610370
11.08.2019;1004;t23;1;449757
11.08.2019;1081;t12;1;746241
11.08.2019;1072;t12;1;879715
11.08.2019;1044;t1;1;609612
11.08.2019;1065;t19;1;671442
11.08.2019;1083;t22;1;539000
12.08.2019;1068;t18;1;536368
12.08.2019;1016;t17;1;622650
12.08.2019;1022;t2;1;507384
13.08.2019;1013;t15;1;876825
13.08.2019;1074;u5;2;121904
13.08.2019;1090;t23;1;457191
13.08.2019;1079;t17;1;431704
13.08.2019;1071;t12;1;770509
13.08.2019;1002;t5;1;538959
14.08.2019;1031;t6;1;592120
14.08.2019;1054;t20;1;1025766
14.08.2019;1031;t22;1;573496
14.08.2019;1009;t23;1;460908
14.08.2019;1005;t16;1;621668
14.08.2019;1049;t18;1;656093
15.08.2019;1038;t9;1;729125
15.08.2019;1036;t22;1;607992
15.08.2019;1018;t15;1;870330
16.08.2019;1024;t20;1;949008
16.08.2019;1075;u4;1;42185
16.08.2019;1026;t12;2;1516750
16.08.2019;1066;u1;1;45999
16.08.2019;1074;u3;1;55642
16.08.2019;1059;t12;2;1274070
16.08.2019;1036;t18;1;660882
16.08.2019;1073;t8;1;699790
17.08.2019;1085;t6;1;675960
17.08.2019;1067;t20;1;990876
17.08.2019;1030;t14;1;770649
17.08.2019;1018;t13;1;823584
17.08.2019;1021;t11;1;910650
17.08.2019;1004;t20;1;858294
18.08.2019;1027;t11;1;679952
18.08.2019;1088;u1;1;42958
18.08.2019;1001;u3;1;54449
18.08.2019;1084;t5;1;513774
18.08.2019;1087;u5;1;61805
18.08.2019;1038;t25;2;1266290
19.08.2019;1080;t1;1;469566
19.08.2019;1041;t9;1;694127
19.08.2019;1027;u2;1;52669
20.08.2019;1013;t13;2;1790400
20.08.2019;1030;t3;1;527484
20.08.2019;1004;t14;1;942612
20.08.2019;1018;t19;1;609536
20.08.2019;1084;t25;1;487385
20.08.2019;1082;u2;1;48280
21.08.2019;1026;t20;1;823404
21.08.2019;1096;t5;1;569181
21.08.2019;1095;t16;1;625926
21.08.2019;1035;t12;1;673437
22.08.2019;1030;t21;1;592416
22.08.2019;1091;t23;1;531531
22.08.2019;1057;t14;1;675114
22.08.2019;1001;t11;1;910650
22.08.2019;1032;t10;1;647032
22.08.2019;1004;t18;1;641726
22.08.2019;1098;t19;2;1314312
22.08.2019;1094;t25;1;660475
22.08.2019;1017;t24;1;513864
23.08.2019;1040;t19;1;590488
23.08.2019;1077;t15;1;727440
23.08.2019;1081;t14;1;955350
23.08.2019;1064;t17;1;535479
23.08.2019;1071;t1;1;613731
23.08.2019;1090;t7;1;597204
23.08.2019;1100;u4;1;40232
23.08.2019;1068;t20;1;893184
23.08.2019;1099;t21;1;632808
24.08.2019;1004;t4;1;577875
24.08.2019;1095;t15;2;1662720
25.08.2019;1035;t7;1;822564
25.08.2019;1096;t12;1;782643
25.08.2019;1009;u4;1;55075
25.08.2019;1025;t12;1;667370
25.08.2019;1003;t7;1;687348
25.08.2019;1087;t21;1;498168
26.08.2019;1078;t16;1;434316
26.08.2019;1061;t11;1;686023
26.08.2019;1028;t12;1;788710
26.08.2019;1048;t22;1;564872
27.08.2019;1079;t17;2;1245300
27.08.2019;1077;u3;1;41334
27.08.2019;1071;t22;1;457072
27.08.2019;1058;t23;1;434889
27.08.2019;1024;t24;1;497016
27.08.2019;1069;u1;1;41437
28.08.2019;1008;t1;1;453090
28.08.2019;1059;t9;1;775789
28.08.2019;1098;t6;1;571160
28.08.2019;1003;t23;1;475776
28.08.2019;1005;t13;1;716160
29.08.2019;1082;t17;1;489818
29.08.2019;1062;t20;1;893184
29.08.2019;1067;t19;1;576202
29.08.2019;1046;t7;2;1577520
29.08.2019;1048;u3;1;54847
29.08.2019;1042;t2;1;563760
29.08.2019;1005;u2;1;47549
29.08.2019;1042;u3;1;44911
30.08.2019;1063;u5;1;63084
30.08.2019;1042;t24;2;1162512
30.08.2019;1063;t25;1;542045
30.08.2019;1065;t8;1;662109
30.08.2019;1005;t13;1;686320
30.08.2019;1080;u1;1;53983
30.08.2019;1095;t8;1;592130
30.08.2019;1015;t19;1;504772
30.08.2019;1033;t24;1;433836
30.08.2019;1069;t21;1;659736
31.08.2019;1025;u3;1;45308
31.08.2019;1077;t2;2;1071144
31.08.2019;1092;t25;1;505605
31.08.2019;1060;t14;2;1821534
31.08.2019;1052;t6;1;571160
31.08.2019;1040;t20;1;997854
31.08.2019;1056;u4;1;53122
01.09.2019;1003;t13;2;1718784
01.09.2019;1039;t16;2;1038952
01.09.2019;1098;t5;1;604440
01.09.2019;1053;t8;1;570598
01.09.2019;1083;u5;1;43050
01.09.2019;1009;t23;1;408870
01.09.2019;1085;t19;1;652394
01.09.2019;1082;u4;1;57028
01.09.2019;1068;t2;1;516780
01.09.2019;1082;t14;1;687852
01.09.2019;1062;u5;2;113380
01.09.2019;1060;u5;1;56264
01.09.2019;1027;t7;1;687348
02.09.2019;1086;t4;1;567825
02.09.2019;1082;u1;1;49801
02.09.2019;1072;t9;1;647463
02.09.2019;1042;t1;1;465447
03.09.2019;1083;t3;1;494808
03.09.2019;1044;t2;1;521478
03.09.2019;1093;t4;1;653250
03.09.2019;1063;t6;1;576400
03.09.2019;1011;t2;1;648324
04.09.2019;1080;t6;1;686440
04.09.2019;1043;t8;1;586747
04.09.2019;1075;u4;1;48044
04.09.2019;1054;t17;1;489818
04.09.2019;1008;t19;2;1428600
04.09.2019;1078;u5;1;62231
04.09.2019;1076;t7;1;839466
05.09.2019;1096;t8;1;554449
05.09.2019;1005;t16;1;447090
05.09.2019;1066;t15;1;707955
06.09.2019;1061;t12;1;667370
06.09.2019;1015;t1;1;432495
06.09.2019;1008;t25;2;1302730
06.09.2019;1016;t7;1;760590
06.09.2019;1024;t5;1;740439
06.09.2019;1027;t5;2;1259250
06.09.2019;1009;t15;1;857340
07.09.2019;1060;t9;1;758290
07.09.2019;1025;t4;1;738675
07.09.2019;1026;t5;2;1239102
07.09.2019;1001;t5;1;634662
07.09.2019;1036;t16;1;438574
07.09.2019;1005;t15;1;844350
07.09.2019;1081;t19;1;547630
08.09.2019;1055;t24;1;581256
08.09.2019;1037;t4;1;748725
08.09.2019;1083;t21;1;493680
08.09.2019;1002;t25;1;587595
08.09.2019;1073;t17;1;427553
08.09.2019;1006;t10;2;1179268
08.09.2019;1025;t6;1;681200
08.09.2019;1068;t23;1;520380
08.09.2019;1028;t15;2;1909530
09.09.2019;1095;t22;1;444136
09.09.2019;1096;t20;1;879228
09.09.2019;1020;t13;1;889232
09.09.2019;1074;t15;1;948270
09.09.2019;1017;t10;1;667904
09.09.2019;1059;t9;1;810787
10.09.2019;1005;u1;1;39156
10.09.2019;1032;t22;1;560560
11.09.2019;1018;t20;1;816426
11.09.2019;1088;t18;1;550735
11.09.2019;1079;t17;1;502271
11.09.2019;1060;t10;1;688776
11.09.2019;1047;t23;1;460908
11.09.2019;1077;t24;1;585468
12.09.2019;1045;u5;1;57542
12.09.2019;1081;t20;1;788514
12.09.2019;1010;t17;1;572838
12.09.2019;1056;t7;1;805662
12.09.2019;1022;t10;1;756610
12.09.2019;1024;t10;1;626160
13.09.2019;1075;t25;1;601260
13.09.2019;1074;t6;1;623560
13.09.2019;1004;t12;2;1249802
13.09.2019;1019;u4;1;42185
13.09.2019;1002;t10;1;782700
13.09.2019;1050;t1;1;502518
13.09.2019;1028;t16;1;604636
13.09.2019;1093;u3;1;41731
14.09.2019;1017;t17;2;1046052
14.09.2019;1006;t5;1;750513
14.09.2019;1050;u4;1;58590
14.09.2019;1063;t8;1;802067
15.09.2019;1031;t10;1;657468
15.09.2019;1077;t11;1;625313
15.09.2019;1069;t5;1;599403
16.09.2019;1099;t18;1;689616
16.09.2019;1048;t25;1;569375
16.09.2019;1034;t18;1;632148
16.09.2019;1094;u4;2;91400
16.09.2019;1062;t10;1;667904
16.09.2019;1028;t13;1;614704
16.09.2019;1067;t15;1;935280
16.09.2019;1030;u5;1;54132
17.09.2019;1028;t1;1;601374
17.09.2019;1067;u4;1;57809
18.09.2019;1026;t25;1;460055
18.09.2019;1013;t19;1;676204
18.09.2019;1008;t23;1;434889
18.09.2019;1027;t23;1;438606
18.09.2019;1069;t1;1;605493
18.09.2019;1039;t19;1;680966
19.09.2019;1090;u1;1;52842
19.09.2019;1033;t14;1;796125
19.09.2019;1076;t4;1;557775
20.09.2019;1018;u5;1;57542
20.09.2019;1029;t5;1;695106
20.09.2019;1058;u4;1;41013
20.09.2019;1077;t17;1;440006
20.09.2019;1011;t21;1;583440
20.09.2019;1100;u3;2;96180
21.09.2019;1009;t6;1;670720
21.09.2019;1042;t22;1;491568
21.09.2019;1089;t23;1;542682
21.09.2019;1018;t13;1;614704
21.09.2019;1016;u1;1;46760
21.09.2019;1037;t13;1;716160
22.09.2019;1039;t21;1;511632
22.09.2019;1090;t19;1;647632
22.09.2019;1044;t7;1;569034
22.09.2019;1090;t2;1;643626
22.09.2019;1069;t25;1;683250
23.09.2019;1043;t24;1;572832
23.09.2019;1009;t22;1;495880
23.09.2019;1071;t22;1;616616
23.09.2019;1064;t9;1;653296
23.09.2019;1047;u3;1;43321
23.09.2019;1089;t8;1;645960
23.09.2019;1094;t1;1;547827
23.09.2019;1067;t4;1;708525
23.09.2019;1010;t16;1;527992
23.09.2019;1046;t22;1;590744
23.09.2019;1009;t25;1;573930
23.09.2019;1090;t24;2;876096
23.09.2019;1085;t22;1;470008
24.09.2019;1017;t19;1;685728
24.09.2019;1087;t4;1;643200
24.09.2019;1013;t17;1;622650
24.09.2019;1096;t2;1;502686
25.09.2019;1055;t20;1;718734
25.09.2019;1010;t22;1;465696
25.09.2019;1077;t19;1;566678
25.09.2019;1059;t19;2;1123832
25.09.2019;1032;t16;1;481154
26.09.2019;1078;u4;1;55465
26.09.2019;1069;t12;2;1504616
26.09.2019;1060;u2;1;53767
26.09.2019;1059;t13;1;781808
26.09.2019;1097;t22;1;470008
26.09.2019;1054;t24;1;631800
26.09.2019;1014;t3;1;476136
26.09.2019;1096;t9;2;1283260
26.09.2019;1026;u1;1;55503
26.09.2019;1065;t19;2;1304788
27.09.2019;1050;t20;1;809448
27.09.2019;1100;t22;1;577808
27.09.2019;1092;t23;1;405153
27.09.2019;1084;u2;1;43891
27.09.2019;1037;t7;2;1577520
27.09.2019;1059;t12;1;897916
28.09.2019;1074;t11;1;807443
28.09.2019;1095;t1;1;556065
28.09.2019;1058;u3;1;53257
28.09.2019;1009;t22;1;500192
28.09.2019;1016;t23;1;524097
28.09.2019;1014;t2;1;648324
28.09.2019;1095;t23;2;951552
28.09.2019;1098;t8;1;726705
29.09.2019;1034;t18;1;627359
29.09.2019;1018;t22;1;564872
29.09.2019;1082;t6;2;1540560
29.09.2019;1027;t13;1;895200
29.09.2019;1031;t25;2;1120530
30.09.2019;1021;t20;1;718734
30.09.2019;1050;t22;1;452760
30.09.2019;1025;u2;1;48280
30.09.2019;1078;u2;1;40965
30.09.2019;1056;t13;1;620672
30.09.2019;1011;t22;1;590744
01.10.2019;1001;t24;1;463320
01.10.2019;1084;t25;1;546600
01.10.2019;1094;u3;1;45308
01.10.2019;1009;t5;1;538959
01.10.2019;1069;t18;1;574680
01.10.2019;1020;t23;1;375417
01.10.2019;1069;t7;1;602838
01.10.2019;1040;t11;1;746733
02.10.2019;1039;t6;1;613080
02.10.2019;1057;u2;1;50841
02.10.2019;1005;t2;1;483894
02.10.2019;1012;t2;1;507384
02.10.2019;1056;u3;1;51270
02.10.2019;1079;t19;2;1104784
02.10.2019;1096;t7;1;597204
02.10.2019;1089;u3;1;50077
02.10.2019;1061;u1;1;45239
03.10.2019;1004;t13;1;841488
03.10.2019;1008;t14;1;719697
03.10.2019;1092;t24;1;446472
03.10.2019;1050;t23;1;464625
03.10.2019;1041;t3;1;658188
03.10.2019;1027;u4;1;57028
04.10.2019;1094;t9;2;1481582
04.10.2019;1060;t7;1;777492
04.10.2019;1018;t2;1;512082
04.10.2019;1040;u5;1;46460
04.10.2019;1053;t15;1;779400
04.10.2019;1003;t14;1;687852
04.10.2019;1056;t8;1;592130
04.10.2019;1013;t10;1;761828
04.10.2019;1082;t20;1;746646
04.10.2019;1037;t13;1;656480
05.10.2019;1037;t12;1;637035
05.10.2019;1026;t5;1;644736
05.10.2019;1097;t15;1;870330
05.10.2019;1005;t5;1;639699
05.10.2019;1065;t24;1;492804
05.10.2019;1028;t7;1;743688
05.10.2019;1057;t15;1;850845
06.10.2019;1052;t19;2;1371456
06.10.2019;1007;t23;1;438606
06.10.2019;1062;t8;2;1259622
06.10.2019;1006;t6;1;560680
06.10.2019;1053;u3;1;41731
07.10.2019;1007;u1;1;46380
07.10.2019;1080;t13;1;823584
07.10.2019;1095;t15;1;655995
07.10.2019;1021;t25;1;491940
07.10.2019;1099;t23;1;427455
07.10.2019;1075;u1;1;55884
07.10.2019;1068;u5;1;54559
08.10.2019;1050;t15;1;727440
08.10.2019;1038;t14;2;1885224
08.10.2019;1073;t15;1;974250
08.10.2019;1038;t15;1;675480
09.10.2019;1030;t20;1;1046700
09.10.2019;1061;t7;1;681714
09.10.2019;1061;t13;1;847456
09.10.2019;1014;t10;1;673122
10.10.2019;1027;t7;2;1532448
10.10.2019;1093;t19;1;609536
10.10.2019;1087;t19;1;538106
10.10.2019;1039;t11;1;849940
10.10.2019;1003;u3;2;96976
10.10.2019;1072;t19;1;576202
11.10.2019;1052;t10;1;631378
11.10.2019;1042;t5;1;513774
11.10.2019;1087;t22;1;517440
11.10.2019;1028;t4;1;552750
11.10.2019;1097;u3;1;41334
11.10.2019;1012;t15;1;922290
12.10.2019;1014;t4;1;587925
12.10.2019;1078;t25;1;532935
12.10.2019;1044;t18;1;517212
12.10.2019;1076;t24;1;492804
12.10.2019;1047;t14;1;936243
12.10.2019;1098;t6;1;733600
12.10.2019;1046;t16;2;953792
12.10.2019;1075;t4;1;673350
12.10.2019;1061;t14;1;726066
12.10.2019;1069;u3;1;48488
12.10.2019;1046;t2;1;526176
12.10.2019;1004;t24;1;488592
12.10.2019;1067;t22;1;435512
12.10.2019;1034;t12;1;715906
12.10.2019;1085;u1;1;41437
13.10.2019;1073;t7;1;597204
13.10.2019;1089;u5;1;55411
13.10.2019;1100;t4;1;512550
13.10.2019;1068;t8;1;699790
13.10.2019;1009;t10;1;652250
13.10.2019;1050;t13;1;829552
13.10.2019;1052;t2;1;568458
14.10.2019;1092;t12;1;885782
14.10.2019;1043;t19;1;561916
14.10.2019;1060;t3;1;695532
14.10.2019;1053;t25;1;628590
14.10.2019;1085;t21;1;596904
14.10.2019;1068;t5;1;705180
14.10.2019;1005;t5;1;654810
14.10.2019;1078;t21;1;534072
14.10.2019;1036;u2;1;39136
15.10.2019;1033;t11;1;813514
15.10.2019;1066;u1;1;52082
15.10.2019;1090;t10;1;704430
15.10.2019;1093;u1;1;41057
15.10.2019;1078;t11;1;831727
15.10.2019;1005;t12;1;861514
15.10.2019;1054;t9;1;845785
15.10.2019;1080;t14;1;713328
16.10.2019;1042;t24;1;501228
16.10.2019;1057;t11;1;910650
16.10.2019;1007;t25;1;678695
17.10.2019;1097;t9;1;629964
17.10.2019;1064;u3;1;41731
17.10.2019;1060;t1;1;576660
18.10.2019;1048;t1;1;502518
18.10.2019;1059;t12;1;806911
18.10.2019;1028;t15;1;740430
18.10.2019;1021;t2;1;582552
18.10.2019;1095;t17;1;427553
18.10.2019;1064;t4;1;542700
18.10.2019;1019;t6;2;1205200
18.10.2019;1083;t17;1;473214
18.10.2019;1063;t17;1;518875
18.10.2019;1058;t21;1;592416
19.10.2019;1017;t10;1;751392
19.10.2019;1029;t23;1;453474
19.10.2019;1032;t1;1;444852
19.10.2019;1014;t8;1;807450
19.10.2019;1058;t1;1;416019
19.10.2019;1028;t19;1;709538
20.10.2019;1029;u3;1;44116
20.10.2019;1028;t21;1;547536
20.10.2019;1049;t8;1;624428
20.10.2019;1018;t7;1;721152
20.10.2019;1057;t3;1;471468
20.10.2019;1043;t5;1;649773
20.10.2019;1097;t1;1;580779
21.10.2019;1055;t13;1;704224
21.10.2019;1041;t2;1;573156
21.10.2019;1096;t23;1;542682
21.10.2019;1035;t13;1;710192
21.10.2019;1091;t2;1;648324
21.10.2019;1061;t14;1;726066
22.10.2019;1085;u4;1;49606
22.10.2019;1079;t15;1;733935
23.10.2019;1070;t7;2;1476108
23.10.2019;1049;t14;1;866184
23.10.2019;1026;t1;1;564303
23.10.2019;1092;t7;1;692982
23.10.2019;1050;t14;1;777018
23.10.2019;1077;t7;1;580302
23.10.2019;1049;t22;1;599368
23.10.2019;1031;t24;1;543348
23.10.2019;1098;t1;2;1136844
23.10.2019;1066;t15;1;681975
23.10.2019;1030;t2;1;559062
23.10.2019;1087;t18;1;507634
23.10.2019;1069;t14;1;764280
23.10.2019;1030;t24;1;530712
23.10.2019;1030;u4;1;45310
23.10.2019;1062;t10;2;1095780
24.10.2019;1018;u2;2;82662
24.10.2019;1098;t1;1;514875
24.10.2019;1078;t22;1;539000
24.10.2019;1003;t1;1;506637
24.10.2019;1080;u4;1;52731
24.10.2019;1090;t4;1;733650
24.10.2019;1003;t3;1;480804
24.10.2019;1018;t11;1;764946
25.10.2019;1032;u3;2;112872
25.10.2019;1022;t22;1;439824
25.10.2019;1009;t9;1;629964
25.10.2019;1098;t10;1;740956
25.10.2019;1063;t16;1;625926
25.10.2019;1089;t6;1;770280
26.10.2019;1048;t16;1;638700
26.10.2019;1079;u3;1;55244
26.10.2019;1096;t1;1;601374
26.10.2019;1011;t9;1;828286
26.10.2019;1091;t24;1;497016
27.10.2019;1084;t2;1;690606
27.10.2019;1038;u5;1;58821
27.10.2019;1022;t3;1;555492
27.10.2019;1032;t2;2;1071144
27.10.2019;1037;t15;2;1454880
27.10.2019;1054;t10;1;735738
27.10.2019;1099;t5;1;569181
27.10.2019;1020;t1;2;1013274
27.10.2019;1069;t7;1;692982
27.10.2019;1059;u4;2;104680
28.10.2019;1028;u2;1;48646
28.10.2019;1041;t2;1;648324
28.10.2019;1081;t12;1;819045
28.10.2019;1080;t23;1;542682
28.10.2019;1041;t22;1;539000
29.10.2019;1016;t9;1;845785
29.10.2019;1021;t18;1;646515
29.10.2019;1062;u2;1;49012
29.10.2019;1053;t17;1;606046
29.10.2019;1021;t20;1;955986
29.10.2019;1084;t19;1;571440
29.10.2019;1004;t7;1;805662
29.10.2019;1040;t23;1;557550
29.10.2019;1045;t25;1;651365
29.10.2019;1050;t21;1;475728
29.10.2019;1010;u3;1;54449
30.10.2019;1080;t10;1;756610
30.10.2019;1059;t18;1;493267
30.10.2019;1100;t18;1;526790
30.10.2019;1060;t6;2;1068960
30.10.2019;1014;t14;1;923505
30.10.2019;1091;t22;1;521752
31.10.2019;1092;u3;1;52860
31.10.2019;1029;u4;1;42185
31.10.2019;1076;t14;1;668745
31.10.2019;1020;t8;1;699790
01.11.2019;1055;t13;1;835520
01.11.2019;1036;t8;1;710556
01.11.2019;1088;t16;1;540766
02.11.2019;1026;t6;1;712640
02.11.2019;1043;t4;2;1206000
02.11.2019;1060;t18;1;608203
02.11.2019;1075;t15;1;824865
02.11.2019;1083;t10;1;589634
03.11.2019;1077;t19;1;685728
03.11.2019;1099;t19;1;585726
03.11.2019;1049;t9;2;1644906
03.11.2019;1033;t9;1;659129
03.11.2019;1007;t23;1;401436
03.11.2019;1061;u2;1;37308
03.11.2019;1074;u1;1;40297
03.11.2019;1012;t24;1;492804
03.11.2019;1070;t12;1;709839
04.11.2019;1048;u2;1;37673
04.11.2019;1021;t25;1;669585
04.11.2019;1074;t14;1;891660
04.11.2019;1033;t19;1;495248
04.11.2019;1099;t23;1;442323
04.11.2019;1078;t1;1;518994
04.11.2019;1089;t21;1;574464
04.11.2019;1085;t14;1;948981
04.11.2019;1074;t25;1;537490
05.11.2019;1070;t8;2;1162728
05.11.2019;1053;t22;1;556248
05.11.2019;1082;u3;1;42924
05.11.2019;1054;t3;1;541488
06.11.2019;1072;t12;2;1443946
06.11.2019;1012;u3;1;54449
06.11.2019;1043;t18;1;488478
06.11.2019;1053;u1;1;43338
06.11.2019;1057;t13;1;877296
06.11.2019;1034;t4;1;567825
06.11.2019;1046;t15;1;675480
06.11.2019;1027;u5;1;58821
06.11.2019;1089;t6;1;675960
07.11.2019;1057;t4;1;683400
07.11.2019;1030;t21;1;534072
07.11.2019;1058;t2;1;657720
07.11.2019;1077;t19;1;519058
07.11.2019;1051;t13;1;763904
07.11.2019;1075;t15;1;720945
07.11.2019;1046;u1;1;51322
07.11.2019;1061;u3;1;56436
07.11.2019;1095;u1;1;51702
07.11.2019;1094;t4;1;577875
07.11.2019;1086;t14;1;904398
08.11.2019;1069;t5;1;730365
08.11.2019;1028;t3;1;630180
08.11.2019;1020;t11;1;777088
08.11.2019;1098;u1;1;55123
08.11.2019;1033;t25;1;487385
08.11.2019;1043;u4;2;109368
09.11.2019;1021;t6;1;639280
09.11.2019;1045;t19;1;623822
09.11.2019;1043;t2;1;549666
09.11.2019;1059;t3;1;550824
09.11.2019;1002;t8;2;1571836
09.11.2019;1098;t21;1;493680
09.11.2019;1065;t7;2;1600056
09.11.2019;1004;t7;1;597204
09.11.2019;1042;t4;2;1417050
09.11.2019;1067;t6;1;623560
09.11.2019;1041;u1;1;53983
09.11.2019;1055;t9;1;589133
10.11.2019;1026;t3;2;1185672
10.11.2019;1004;u3;1;45308
11.11.2019;1026;u4;1;57809
11.11.2019;1045;t12;1;715906
11.11.2019;1074;t1;1;453090
11.11.2019;1073;t8;1;796684
11.11.2019;1055;t5;1;614514
11.11.2019;1070;t17;1;531328
12.11.2019;1079;t25;1;674140
12.11.2019;1099;t1;1;486042
12.11.2019;1094;t16;1;498186
12.11.2019;1085;t16;1;562056
12.11.2019;1088;t16;1;566314
12.11.2019;1077;t13;1;799712
13.11.2019;1070;u4;1;43747
13.11.2019;1072;t8;1;775152
13.11.2019;1038;t16;1;570572
13.11.2019;1076;t23;2;892080
13.11.2019;1072;t8;1;796684
13.11.2019;1100;t5;1;604440
13.11.2019;1012;t22;1;547624
13.11.2019;1028;t13;1;847456
14.11.2019;1074;t22;1;582120
14.11.2019;1082;t17;1;473214
14.11.2019;1032;t3;1;471468
14.11.2019;1092;t2;1;615438
14.11.2019;1075;t23;1;449757
14.11.2019;1030;t6;1;576400
15.11.2019;1027;u4;1;44919
15.11.2019;1037;u4;1;55075
15.11.2019;1084;t24;1;551772
15.11.2019;1091;t4;2;1185900
15.11.2019;1022;t8;1;694407
15.11.2019;1100;u4;1;46481
15.11.2019;1063;t19;1;690490
15.11.2019;1050;t10;2;1168832
16.11.2019;1070;t6;1;560680
16.11.2019;1076;t11;1;874224
16.11.2019;1025;t5;1;720291
16.11.2019;1054;u2;1;51206
16.11.2019;1025;t13;2;1635232
16.11.2019;1053;t22;1;642488
17.11.2019;1019;t11;2;1784874
17.11.2019;1058;t18;1;579469
17.11.2019;1090;t2;1;526176
17.11.2019;1048;t11;1;880295
17.11.2019;1070;t17;1;589442
17.11.2019;1014;u3;1;59616
18.11.2019;1050;t14;1;713328
18.11.2019;1049;t7;1;811296
18.11.2019;1016;t9;1;723292
18.11.2019;1055;t21;1;659736
18.11.2019;1060;t13;1;805680
18.11.2019;1045;t5;1;740439
19.11.2019;1055;t10;2;1252320
19.11.2019;1023;u5;1;60100
19.11.2019;1069;u5;1;53280
19.11.2019;1092;t1;1;444852
19.11.2019;1050;t8;2;1151962
19.11.2019;1063;t17;1;464912
19.11.2019;1014;t2;1;662418
19.11.2019;1086;t16;1;596120
19.11.2019;1016;t6;1;686440
19.11.2019;1007;t3;1;639516
19.11.2019;1014;t23;1;408870
19.11.2019;1058;t5;1;554070
20.11.2019;1050;t25;1;473720
20.11.2019;1039;t3;1;508812
20.11.2019;1085;t10;2;1554964
20.11.2019;1083;t23;1;453474
20.11.2019;1071;u2;1;44623
20.11.2019;1075;t5;2;1269324
21.11.2019;1055;t5;1;740439
21.11.2019;1001;t7;1;670446
21.11.2019;1074;t14;1;675114
21.11.2019;1029;t10;1;720084
21.11.2019;1099;t5;1;614514
21.11.2019;1070;t9;1;775789
22.11.2019;1032;t3;1;550824
22.11.2019;1065;u3;1;56436
22.11.2019;1010;t19;1;571440
22.11.2019;1073;t18;1;517212
23.11.2019;1091;t9;2;1703236
23.11.2019;1100;t2;1;681210
23.11.2019;1081;t16;1;485412
23.11.2019;1072;t25;1;610370
24.11.2019;1092;t3;1;471468
24.11.2019;1074;t20;1;711756
24.11.2019;1094;t9;1;799121
24.11.2019;1021;t1;1;576660
25.11.2019;1069;t15;1;889815
25.11.2019;1039;t15;1;714450
25.11.2019;1043;t20;1;914118
25.11.2019;1021;t12;1;740174
25.11.2019;1066;t19;1;628584
25.11.2019;1002;u3;1;48488
26.11.2019;1012;u1;2;113288
26.11.2019;1096;t20;1;711756
26.11.2019;1012;t11;1;856011
26.11.2019;1088;t25;1;614925
26.11.2019;1043;t11;1;631384
27.11.2019;1027;t21;2;1211760
28.11.2019;1044;t16;1;545024
28.11.2019;1062;t23;1;468342
28.11.2019;1059;t1;1;613731
28.11.2019;1047;t6;1;765040
29.11.2019;1055;t19;1;700014
29.11.2019;1050;t1;1;506637
29.11.2019;1047;t23;1;442323
29.11.2019;1060;t21;1;498168
29.11.2019;1003;u1;1;44859
29.11.2019;1005;u1;1;51702
29.11.2019;1087;t13;1;746000
30.11.2019;1086;t12;1;685571
30.11.2019;1042;t18;1;584258
30.11.2019;1083;t4;1;608025
30.11.2019;1073;u3;1;44116
30.11.2019;1055;u5;1;56690
30.11.2019;1095;t10;1;584416
01.12.2019;1026;t18;1;522001
01.12.2019;1034;t3;1;681528
01.12.2019;1007;t21;1;511632
01.12.2019;1053;t4;2;1306500
02.12.2019;1052;t24;1;551772
02.12.2019;1030;t2;1;521478
02.12.2019;1026;t6;1;529240
02.12.2019;1068;t24;1;530712
02.12.2019;1032;t14;1;898029
02.12.2019;1052;u4;1;40622
02.12.2019;1017;t18;1;622570
02.12.2019;1072;t8;1;678258
02.12.2019;1059;t16;1;596120
03.12.2019;1042;t21;1;587928
03.12.2019;1038;t7;1;816930
03.12.2019;1021;t3;1;690864
03.12.2019;1026;t22;1;612304
03.12.2019;1084;t7;1;732420
03.12.2019;1100;t10;1;579198
03.12.2019;1011;t1;1;564303
04.12.2019;1057;t13;1;710192
04.12.2019;1059;t11;1;801372
04.12.2019;1051;t10;1;740956
04.12.2019;1001;t25;1;573930
04.12.2019;1026;t16;2;1081532
04.12.2019;1076;t2;1;535572
04.12.2019;1029;t23;1;431172
04.12.2019;1056;t11;1;771017
04.12.2019;1085;t16;1;489670
05.12.2019;1088;t24;1;568620
05.12.2019;1088;u1;1;45999
05.12.2019;1093;t11;1;698165
05.12.2019;1009;t24;1;497016
05.12.2019;1034;t20;1;1025766
06.12.2019;1079;t21;1;605880
06.12.2019;1062;t18;1;646515
06.12.2019;1078;u1;1;45239
06.12.2019;1010;t13;1;674384
06.12.2019;1058;t19;1;661918
06.12.2019;1088;t5;1;705180
06.12.2019;1011;u5;1;62231
06.12.2019;1020;t17;1;464912
07.12.2019;1026;t21;1;475728
07.12.2019;1063;t13;1;638576
07.12.2019;1034;t6;1;717880
07.12.2019;1083;t15;2;1324980
07.12.2019;1085;t4;1;618075
07.12.2019;1077;t15;1;915795
07.12.2019;1054;t23;1;498078
07.12.2019;1050;t1;1;584898
07.12.2019;1055;u2;1;53401
07.12.2019;1100;t25;1;624035
07.12.2019;1064;u4;2;110150
08.12.2019;1080;t5;1;745476
08.12.2019;1029;t10;1;777482
08.12.2019;1038;t8;1;597513
08.12.2019;1047;t6;1;544960
08.12.2019;1087;t10;1;636596
08.12.2019;1003;t11;1;686023
08.12.2019;1051;t1;1;477804
08.12.2019;1055;t14;1;923505
08.12.2019;1088;t9;1;874950
09.12.2019;1040;t12;1;630968
09.12.2019;1075;t25;1;614925
09.12.2019;1008;t20;1;711756
09.12.2019;1071;t16;1;638700
09.12.2019;1017;u4;1;56637
09.12.2019;1015;u5;1;54559
10.12.2019;1057;t21;1;650760
11.12.2019;1036;t14;1;796125
11.12.2019;1051;u4;1;40232
11.12.2019;1058;t13;1;710192
11.12.2019;1037;t7;1;636642
11.12.2019;1032;t22;1;513128
12.12.2019;1078;t11;1;892437
12.12.2019;1011;t10;1;532236
12.12.2019;1024;t24;1;614952
12.12.2019;1047;t19;2;1428600
12.12.2019;1017;t11;1;795301
12.12.2019;1066;t16;1;630184
12.12.2019;1009;t1;1;518994
12.12.2019;1074;t15;1;837855
13.12.2019;1042;t7;1;811296
13.12.2019;1026;t13;2;1647168
13.12.2019;1043;u4;1;52731
13.12.2019;1050;t3;1;672192
14.12.2019;1058;t16;1;536508
14.12.2019;1034;t22;1;478632
14.12.2019;1016;u1;1;45619
14.12.2019;1023;t17;2;1004542
14.12.2019;1002;t8;1;619045
15.12.2019;1035;t23;1;453474
15.12.2019;1067;t16;1;515218
15.12.2019;1054;t8;1;570598
15.12.2019;1079;t9;1;594966
15.12.2019;1015;t18;1;608203
15.12.2019;1096;t13;1;799712
15.12.2019;1061;t18;1;541157
16.12.2019;1029;t11;1;746733
16.12.2019;1051;u4;1;57418
16.12.2019;1068;t24;1;526500
16.12.2019;1100;t24;1;627588
16.12.2019;1058;u3;1;59219
17.12.2019;1005;t15;1;753420
17.12.2019;1069;u5;1;49018
17.12.2019;1072;u3;1;46898
17.12.2019;1096;t4;1;532650
18.12.2019;1077;t6;1;717880
18.12.2019;1064;t24;1;614952
18.12.2019;1097;u5;1;53280
18.12.2019;1090;t15;1;831360
18.12.2019;1052;t3;1;630180
18.12.2019;1027;t11;1;898508
18.12.2019;1094;t20;1;753624
18.12.2019;1059;t21;1;619344
18.12.2019;1008;t12;1;855447
19.12.2019;1063;t5;1;604440
19.12.2019;1007;t14;1;764280
19.12.2019;1004;t4;1;522600
19.12.2019;1046;t12;1;661303
19.12.2019;1045;t12;1;819045
19.12.2019;1047;t15;1;714450
19.12.2019;1015;t25;1;501050
19.12.2019;1050;u4;1;53122
19.12.2019;1042;u2;2;74616
19.12.2019;1100;t5;1;508737
19.12.2019;1032;t24;1;509652
19.12.2019;1012;t18;1;531579
19.12.2019;1067;u2;1;49012
19.12.2019;1078;t24;1;429624
20.12.2019;1044;u3;2;92206
20.12.2019;1023;t16;1;621668
20.12.2019;1090;t15;1;954765
20.12.2019;1026;t23;1;394002
20.12.2019;1022;t4;1;718575
20.12.2019;1060;t19;1;514296
20.12.2019;1045;t14;2;1910700
21.12.2019;1073;t10;1;547890
21.12.2019;1063;t7;1;653544
21.12.2019;1053;t17;1;552083
21.12.2019;1061;t9;2;1726568
21.12.2019;1052;t13;1;602768
22.12.2019;1030;t14;1;770649
22.12.2019;1040;t13;1;793744
22.12.2019;1028;t1;1;597255
22.12.2019;1038;t22;1;582120
23.12.2019;1013;u1;1;42958
23.12.2019;1026;u1;1;49041
23.12.2019;1062;u1;1;44859
23.12.2019;1020;u1;1;44479
23.12.2019;1013;t12;1;649169
23.12.2019;1091;t1;1;465447
24.12.2019;1035;t25;1;473720
24.12.2019;1043;t3;1;690864
24.12.2019;1091;t15;1;857340
24.12.2019;1015;t22;2;1276352
24.12.2019;1006;t3;1;546156
25.12.2019;1081;t25;2;1020320
25.12.2019;1076;t11;1;771017
25.12.2019;1061;t14;1;726066
25.12.2019;1073;t1;1;539589
25.12.2019;1001;t1;1;580779
25.12.2019;1100;t10;1;730520
25.12.2019;1056;t21;1;578952
26.12.2019;1073;t14;1;859815
26.12.2019;1032;t24;1;459108
26.12.2019;1064;u3;1;44911
26.12.2019;1065;t14;1;821601
26.12.2019;1002;t5;1;629625
26.12.2019;1007;t3;1;662856
26.12.2019;1072;t16;1;468380
26.12.2019;1072;t20;1;767580
26.12.2019;1062;t15;1;941775
26.12.2019;1074;t21;1;556512
27.12.2019;1011;u3;1;52065
27.12.2019;1082;t9;2;1294926
28.12.2019;1035;t4;1;653250
28.12.2019;1083;t24;1;438048
28.12.2019;1066;t10;1;673122
28.12.2019;1088;t24;1;581256
28.12.2019;1062;t3;1;606840
28.12.2019;1015;t19;1;547630
29.12.2019;1077;t9;1;635797
29.12.2019;1084;u5;1;52428
29.12.2019;1054;t19;1;561916
29.12.2019;1020;t12;1;897916
29.12.2019;1010;u3;1;48885
29.12.2019;1050;t13;1;698256
29.12.2019;1096;t9;1;793288
30.12.2019;1001;t21;1;628320
30.12.2019;1096;t7;1;721152
30.12.2019;1094;t2;1;629532
30.12.2019;1100;t10;1;558326
30.12.2019;1085;u2;1;40599
30.12.2019;1097;t19;1;604774
30.12.2019;1022;t3;1;676860
30.12.2019;1017;t4;1;532650
30.12.2019;1007;t14;2;1770582
31.12.2019;1006;t6;1;644520
31.12.2019;1092;t2;1;643626
31.12.2019;1023;t11;2;1542034
31.12.2019;1038;t12;1;903983
31.12.2019;1016;t9;2;1213264
31.12.2019;1068;t15;1;759915
31.12.2019;1017;t18;2;1235562
01.01.2020;1003;t15;1;681975
01.01.2020;1015;u5;1;43050
01.01.2020;1080;t4;1;592950
01.01.2020;1088;t12;1;764442
01.01.2020;1064;t10;1;542672
01.01.2020;1096;t13;1;602768
01.01.2020;1042;t14;1;757911
01.01.2020;1086;t7;1;749322
02.01.2020;1018;t3;1;494808
02.01.2020;1038;t25;1;478275
02.01.2020;1083;t3;1;480804
03.01.2020;1010;t25;1;569375
03.01.2020;1009;u5;1;54132
03.01.2020;1007;u2;1;37673
03.01.2020;1056;t2;1;601344
04.01.2020;1035;t17;1;502271
04.01.2020;1082;u3;1;51667
04.01.2020;1008;t8;2;1614900
05.01.2020;1052;t22;1;590744
05.01.2020;1091;t9;1;734958
05.01.2020;1091;t3;1;630180
05.01.2020;1071;t8;1;732088
05.01.2020;1071;t2;1;700002
05.01.2020;1021;t9;1;874950
05.01.2020;1011;t23;1;460908
06.01.2020;1067;t2;1;704700
06.01.2020;1025;t14;1;872553
06.01.2020;1021;t6;1;786000
06.01.2020;1079;t10;1;594852
06.01.2020;1025;t22;1;491568
06.01.2020;1065;t5;1;725328
06.01.2020;1004;t20;1;983898
06.01.2020;1080;t21;1;507144
06.01.2020;1072;t13;1;680352
06.01.2020;1063;t21;1;655248
06.01.2020;1052;t19;2;1200024
06.01.2020;1019;t18;1;574680
07.01.2020;1091;u2;1;50109
07.01.2020;1094;t23;1;509229
07.01.2020;1006;u4;1;55856
07.01.2020;1012;t12;1;709839
07.01.2020;1086;u5;1;52001
07.01.2020;1039;t6;1;707400
08.01.2020;1064;t7;2;1318356
08.01.2020;1078;u2;1;47549
08.01.2020;1087;u2;2;74616
08.01.2020;1045;t24;1;492804
08.01.2020;1022;t3;2;1017624
08.01.2020;1004;t1;1;576660
09.01.2020;1089;t2;1;507384
09.01.2020;1045;t1;1;453090
09.01.2020;1063;t15;1;844350
09.01.2020;1087;t2;1;634230
09.01.2020;1074;t12;1;624901
10.01.2020;1085;t20;1;962964
10.01.2020;1039;t2;1;634230
10.01.2020;1043;t21;1;543048
11.01.2020;1053;t24;1;614952
11.01.2020;1058;t4;1;623100
11.01.2020;1032;t18;1;507634
11.01.2020;1100;u2;1;49743
11.01.2020;1039;t16;1;638700
11.01.2020;1013;t3;1;527484
11.01.2020;1053;u4;1;49997
11.01.2020;1088;t11;1;758875
12.01.2020;1092;u5;2;121904
12.01.2020;1066;t12;2;1625956
12.01.2020;1057;t5;1;554070
12.01.2020;1035;u5;1;63084
13.01.2020;1043;t19;1;538106
13.01.2020;1098;t1;1;576660
13.01.2020;1014;t2;1;512082
13.01.2020;1054;t4;1;562800
13.01.2020;1020;t22;1;543312
13.01.2020;1003;t17;2;1037750
13.01.2020;1061;t12;1;624901
14.01.2020;1099;t3;1;672192
14.01.2020;1092;t24;1;505440
14.01.2020;1028;t2;1;544968
14.01.2020;1005;t14;1;910767
14.01.2020;1028;t9;1;717459
14.01.2020;1017;t16;1;617410
14.01.2020;1100;t2;1;587250
15.01.2020;1041;t20;1;837360
15.01.2020;1011;t17;1;481516
15.01.2020;1010;u1;1;53983
16.01.2020;1002;t9;1;682461
16.01.2020;1081;t6;1;550200
16.01.2020;1043;t22;1;474320
16.01.2020;1054;t9;1;717459
16.01.2020;1077;t7;2;1408500
16.01.2020;1074;t24;1;501228
16.01.2020;1088;t9;2;1703236
17.01.2020;1035;t10;1;693994
17.01.2020;1009;u5;1;49870
17.01.2020;1006;t15;1;733935
18.01.2020;1046;t18;1;541157
18.01.2020;1027;t2;1;620136
18.01.2020;1041;u1;2;91238
19.01.2020;1028;t4;2;1457250
19.01.2020;1020;u2;2;75346
19.01.2020;1093;u4;2;82026
19.01.2020;1068;t18;1;622570
19.01.2020;1089;u2;1;50109
19.01.2020;1047;t5;1;634662
19.01.2020;1067;t13;1;710192
19.01.2020;1081;t25;1;505605
19.01.2020;1032;t11;1;807443
20.01.2020;1084;t5;1;649773
20.01.2020;1050;t9;1;682461
20.01.2020;1055;t16;1;574830
20.01.2020;1076;t9;2;1586576
20.01.2020;1059;u4;1;42966
20.01.2020;1036;t1;1;481923
20.01.2020;1006;t16;2;1277400
21.01.2020;1042;t19;1;619060
21.01.2020;1015;t16;1;519476
21.01.2020;1049;u3;1;44911
21.01.2020;1001;t14;2;1847010
21.01.2020;1030;t6;1;723120
21.01.2020;1006;u1;1;44859
21.01.2020;1042;t8;1;624428
22.01.2020;1081;u5;1;50296
22.01.2020;1008;t14;1;726066
22.01.2020;1047;u1;1;41818
23.01.2020;1005;u4;1;58199
23.01.2020;1098;t21;1;498168
23.01.2020;1099;t11;1;819585
23.01.2020;1076;t6;1;534480
23.01.2020;1077;t11;1;637455
23.01.2020;1022;t18;1;660882
24.01.2020;1063;t9;1;694127
24.01.2020;1049;t22;1;616616
24.01.2020;1010;u3;1;48488
24.01.2020;1002;t17;1;589442
24.01.2020;1059;t22;1;612304
24.01.2020;1082;t9;1;869117
24.01.2020;1078;t12;1;655236
24.01.2020;1031;t21;1;475728
24.01.2020;1060;t23;1;457191
25.01.2020;1048;t11;1;849940
25.01.2020;1085;t11;1;904579
25.01.2020;1055;t13;1;698256
25.01.2020;1040;t17;1;502271
25.01.2020;1073;t21;1;650760
25.01.2020;1062;t8;1;645960
25.01.2020;1027;t24;1;522288
25.01.2020;1075;u3;1;45308
25.01.2020;1058;t19;1;561916
26.01.2020;1054;t10;1;641814
26.01.2020;1014;t8;1;785918
26.01.2020;1043;u2;1;43525
26.01.2020;1018;t24;1;589680
26.01.2020;1019;t19;1;638108
26.01.2020;1022;t2;1;624834
26.01.2020;1065;t17;1;493969
26.01.2020;1016;t1;1;580779
26.01.2020;1076;t8;1;645960
27.01.2020;1085;t23;1;408870
27.01.2020;1039;t10;1;641814
27.01.2020;1018;u3;1;40539
27.01.2020;1079;t12;2;1783698
27.01.2020;1100;t15;1;688470
28.01.2020;1029;t18;1;665671
28.01.2020;1095;t17;1;581140
28.01.2020;1043;u5;2;109118
28.01.2020;1006;t7;1;743688
28.01.2020;1036;u5;1;55411
28.01.2020;1002;t14;2;1617726
28.01.2020;1005;t7;1;574668
28.01.2020;1026;t21;1;457776
28.01.2020;1051;t16;1;549282
28.01.2020;1025;t20;1;788514
29.01.2020;1084;u3;1;40936
29.01.2020;1006;t13;1;662448
29.01.2020;1092;u4;1;49997
29.01.2020;1054;t20;1;809448
29.01.2020;1092;t15;1;707955
29.01.2020;1033;t13;1;799712
30.01.2020;1059;t20;2;2065488
30.01.2020;1051;t18;2;1254718
30.01.2020;1046;t17;1;535479
30.01.2020;1057;t3;2;1363056
31.01.2020;1095;t5;1;700143
31.01.2020;1011;t17;1;585291
31.01.2020;1094;t2;1;648324
31.01.2020;1065;t21;1;601392
31.01.2020;1027;u3;1;57231
31.01.2020;1036;u1;1;46760
31.01.2020;1052;t11;1;904579
31.01.2020;1028;t16;1;447090
01.02.2020;1069;u4;2;89056
01.02.2020;1051;t21;1;601392
01.02.2020;1006;t23;1;557550
01.02.2020;1048;t4;1;673350
01.02.2020;1031;t13;1;769872
01.02.2020;1045;t2;1;526176
02.02.2020;1034;t16;1;430058
02.02.2020;1088;t13;1;602768
02.02.2020;1038;t16;1;442832
02.02.2020;1055;t9;1;787455
02.02.2020;1086;t20;1;788514
02.02.2020;1029;t14;1;726066
02.02.2020;1021;t22;2;974512
03.02.2020;1029;t12;1;734107
03.02.2020;1012;t12;2;1795832
03.02.2020;1062;t12;1;655236
03.02.2020;1087;t20;1;921096
03.02.2020;1088;t1;1;510756
03.02.2020;1010;t25;1;637700
03.02.2020;1089;t6;1;686440
03.02.2020;1064;t20;1;983898
04.02.2020;1065;t19;1;523820
04.02.2020;1046;u4;1;56246
04.02.2020;1091;t5;1;538959
04.02.2020;1062;t6;1;744080
05.02.2020;1066;t10;1;746174
05.02.2020;1036;t24;1;593892
05.02.2020;1066;t22;1;642488
05.02.2020;1092;t3;2;1297704
05.02.2020;1005;t9;1;723292
05.02.2020;1017;u4;1;53512
05.02.2020;1089;t17;1;464912
06.02.2020;1100;t20;1;886206
06.02.2020;1091;t3;1;527484
06.02.2020;1054;t4;2;1045200
06.02.2020;1008;u3;2;83462
07.02.2020;1029;t15;1;837855
07.02.2020;1088;t25;1;614925
07.02.2020;1039;t2;1;502686
07.02.2020;1043;u1;1;38776
07.02.2020;1023;t14;2;1464870
07.02.2020;1072;t6;1;686440
07.02.2020;1041;u3;1;59219
08.02.2020;1097;t9;1;670795
08.02.2020;1010;t5;1;649773
08.02.2020;1037;u3;1;48090
09.02.2020;1090;t2;1;638928
09.02.2020;1024;t25;2;1120530
09.02.2020;1043;t5;1;543996
09.02.2020;1052;t18;1;656093
09.02.2020;1065;t4;1;532650
10.02.2020;1017;t4;1;532650
10.02.2020;1095;t15;1;798885
10.02.2020;1038;t8;1;737471
10.02.2020;1095;t12;1;709839
10.02.2020;1051;t19;1;652394
10.02.2020;1083;t20;1;795492
11.02.2020;1016;u4;1;48825
11.02.2020;1084;t18;1;694405
11.02.2020;1002;t17;1;427553
11.02.2020;1028;t9;1;589133
12.02.2020;1031;t14;1;808863
12.02.2020;1060;t19;1;619060
12.02.2020;1085;t9;1;740791
12.02.2020;1094;t5;1;559107
12.02.2020;1010;t20;1;802470
13.02.2020;1007;u3;1;47693
13.02.2020;1079;t12;1;873648
13.02.2020;1041;t10;1;699212
13.02.2020;1024;t15;1;746925
13.02.2020;1077;t11;1;661739
13.02.2020;1011;t25;1;514715
13.02.2020;1081;t13;1;883264
13.02.2020;1085;t7;1;647910
14.02.2020;1099;t16;1;566314
14.02.2020;1015;t7;1;659178
14.02.2020;1004;t17;1;481516
14.02.2020;1098;t17;1;523026
14.02.2020;1005;t10;1;584416
14.02.2020;1031;t16;1;527992
